100.00000000	0.00000000	0.00000000
99.99993825	0.00000524	0.00000000
99.99975301	0.00002096	0.00000000
99.99944428	0.00004716	0.00000000
99.99901206	0.00008385	0.00000000
99.99845634	0.00013103	0.00000000
99.99777713	0.00018869	0.00000000
99.99697444	0.00025684	0.00000000
99.99604826	0.00033549	0.00000000
99.99499860	0.00042464	0.00000000
99.99382545	0.00052430	0.00000000
99.99252883	0.00063447	0.00000000
99.99110873	0.00075667	0.00000000
99.98956516	0.00089682	0.00000000
99.98789812	0.00104890	0.00000000
99.98610762	0.00121285	0.00000000
99.98419366	0.00138868	0.00000000
99.98215625	0.00157645	0.00000000
99.97999538	0.00177613	0.00000000
99.97771108	0.00198772	0.00000000
99.97530333	0.00221124	0.00000000
99.97277215	0.00244672	0.00000000
99.97011755	0.00269413	0.00000000
99.96733952	0.00295349	0.00000000
99.96443808	0.00322984	0.00000000
99.96141324	0.00352699	0.00000000
99.95826500	0.00383719	0.00000000
99.95499337	0.00416053	0.00000000
99.95159835	0.00449695	0.00000000
99.94807996	0.00484645	0.00000000
99.94443821	0.00520909	0.00000000
99.94067310	0.00558486	0.00000000
99.93678464	0.00597375	0.00000000
99.93277285	0.00637579	0.00000000
99.92863773	0.00679102	0.00000000
99.92437929	0.00721939	0.00000000
99.91999754	0.00767387	0.00000000
99.91549250	0.00815170	0.00000000
99.91086418	0.00864392	0.00000000
99.90611258	0.00915054	0.00000000
99.90123772	0.00967168	0.00000000
99.89623961	0.01020728	0.00000000
99.89111826	0.01075733	0.00000000
99.88587369	0.01132189	0.00000000
99.88050590	0.01190099	0.00000000
99.87501492	0.01249457	0.00000000
99.86940075	0.01310268	0.00000000
99.86366341	0.01372539	0.00000000
99.85780292	0.01438359	0.00000000
99.85181928	0.01506275	0.00000000
99.84571252	0.01575769	0.00000000
99.83948264	0.01646832	0.00000000
99.83312967	0.01719461	0.00000000
99.82665361	0.01793667	0.00000000
99.82005449	0.01869450	0.00000000
99.81333232	0.01946805	0.00000000
99.80648712	0.02025736	0.00000000
99.79951890	0.02106254	0.00000000
99.79242768	0.02188348	0.00000000
99.78521349	0.02272115	0.00000000
99.77787633	0.02361509	0.00000000
99.77041622	0.02452621	0.00000000
99.76283319	0.02545450	0.00000000
99.75512725	0.02640010	0.00000000
99.74729842	0.02736302	0.00000000
99.73934673	0.02834315	0.00000000
99.73127218	0.02934056	0.00000000
99.72307480	0.03035540	0.00000000
99.71475462	0.03138751	0.00000000
99.70631164	0.03243691	0.00000000
99.69774590	0.03350378	0.00000000
99.68905741	0.03459876	0.00000000
99.68024619	0.03574011	0.00000000
99.67131227	0.03690000	0.00000000
99.66225567	0.03807850	0.00000000
99.65307641	0.03927546	0.00000000
99.64377452	0.04049092	0.00000000
99.63435000	0.04172512	0.00000000
99.62480290	0.04297785	0.00000000
99.61513324	0.04424910	0.00000000
99.60534102	0.04553908	0.00000000
99.59542630	0.04684771	0.00000000
99.58538907	0.04817492	0.00000000
99.57522938	0.04954576	0.00000000
99.56494724	0.05095771	0.00000000
99.55454268	0.05238940	0.00000000
99.54401573	0.05384085	0.00000000
99.53336642	0.05531231	0.00000000
99.52259476	0.05680361	0.00000000
99.51170079	0.05831471	0.00000000
99.50068453	0.05984576	0.00000000
99.48954601	0.06139681	0.00000000
99.47828525	0.06296771	0.00000000
99.46690230	0.06455849	0.00000000
99.45539716	0.06616943	0.00000000
99.44376988	0.06785506	0.00000000
99.43202048	0.06957279	0.00000000
99.42014898	0.07131200	0.00000000
99.40815543	0.07307270	0.00000000
99.39603984	0.07485472	0.00000000
99.38380225	0.07665813	0.00000000
99.37144269	0.07848322	0.00000000
99.35896119	0.08032969	0.00000000
99.34635778	0.08219756	0.00000000
99.33363249	0.08408706	0.00000000
99.32078535	0.08599812	0.00000000
99.30781640	0.08793924	0.00000000
99.29472566	0.08995373	0.00000000
99.28151317	0.09199115	0.00000000
99.26817897	0.09405118	0.00000000
99.25472307	0.09613385	0.00000000
99.24114553	0.09823939	0.00000000
99.22744636	0.10036774	0.00000000
99.21362561	0.10251877	0.00000000
99.19968331	0.10469253	0.00000000
99.18561949	0.10688934	0.00000000
99.17143418	0.10910887	0.00000000
99.15712744	0.11135114	0.00000000
99.14269928	0.11365299	0.00000000
99.12814974	0.11601728	0.00000000
99.11347886	0.11840561	0.00000000
99.09868668	0.12081801	0.00000000
99.08377323	0.12325490	0.00000000
99.06873856	0.12571588	0.00000000
99.05358268	0.12820098	0.00000000
99.03830566	0.13071037	0.00000000
99.02290751	0.13324414	0.00000000
99.00738829	0.13580206	0.00000000
98.99174802	0.13838415	0.00000000
98.97598675	0.14099077	0.00000000
98.96010451	0.14368494	0.00000000
98.94410135	0.14641428	0.00000000
98.92797730	0.14916905	0.00000000
98.91173241	0.15194953	0.00000000
98.89536671	0.15475537	0.00000000
98.87888025	0.15758660	0.00000000
98.86227307	0.16044349	0.00000000
98.84554519	0.16332597	0.00000000
98.82869668	0.16623387	0.00000000
98.81172757	0.16916722	0.00000000
98.79463790	0.17212644	0.00000000
98.77742771	0.17513515	0.00000000
98.76009705	0.17823739	0.00000000
98.74264595	0.18136655	0.00000000
98.72507447	0.18452282	0.00000000
98.70738265	0.18770589	0.00000000
98.68957052	0.19091578	0.00000000
98.67163814	0.19415278	0.00000000
98.65358554	0.19741680	0.00000000
98.63541277	0.20070768	0.00000000
98.61711989	0.20402541	0.00000000
98.59870692	0.20737045	0.00000000
98.58017392	0.21074242	0.00000000
98.56152094	0.21419628	0.00000000
98.54274801	0.21770123	0.00000000
98.52385520	0.22123452	0.00000000
98.50484253	0.22479577	0.00000000
98.48571006	0.22838497	0.00000000
98.46645784	0.23200233	0.00000000
98.44708591	0.23564797	0.00000000
98.42759433	0.23932161	0.00000000
98.40798313	0.24302325	0.00000000
98.38825238	0.24675319	0.00000000
98.36840211	0.25051135	0.00000000
98.34843237	0.25431482	0.00000000
98.32834323	0.25822404	0.00000000
98.30813472	0.26216286	0.00000000
98.28780689	0.26613099	0.00000000
98.26735980	0.27012833	0.00000000
98.24679349	0.27415489	0.00000000
98.22610803	0.27821116	0.00000000
98.20530344	0.28229670	0.00000000
98.18437980	0.28641149	0.00000000
98.16333715	0.29055557	0.00000000
98.14217554	0.29472939	0.00000000
98.12089503	0.29893249	0.00000000
98.09949567	0.30322848	0.00000000
98.07797750	0.30758308	0.00000000
98.05634059	0.31196845	0.00000000
98.03458499	0.31638416	0.00000000
98.01271075	0.32083021	0.00000000
97.99071792	0.32530673	0.00000000
97.96860656	0.32981403	0.00000000
97.94637672	0.33435170	0.00000000
97.92402847	0.33891974	0.00000000
97.90156184	0.34351830	0.00000000
97.87897691	0.34814763	0.00000000
97.85627372	0.35283124	0.00000000
97.83345234	0.35761839	0.00000000
97.81051281	0.36243710	0.00000000
97.78745519	0.36728765	0.00000000
97.76427955	0.37216964	0.00000000
97.74098593	0.37708306	0.00000000
97.71757440	0.38202804	0.00000000
97.69404502	0.38700490	0.00000000
97.67039783	0.39201321	0.00000000
97.64663291	0.39705298	0.00000000
97.62275031	0.40212429	0.00000000
97.59875008	0.40722753	0.00000000
97.57463229	0.41247329	0.00000000
97.55039700	0.41777316	0.00000000
97.52604426	0.42310584	0.00000000
97.50157415	0.42847186	0.00000000
97.47698670	0.43387066	0.00000000
97.45228200	0.43930227	0.00000000
97.42746010	0.44476667	0.00000000
97.40252105	0.45026436	0.00000000
97.37746493	0.45579491	0.00000000
97.35229179	0.46135828	0.00000000
97.32700170	0.46695444	0.00000000
97.30159472	0.47261613	0.00000000
97.27607091	0.47834745	0.00000000
97.25043033	0.48411222	0.00000000
97.22467305	0.48991045	0.00000000
97.19879913	0.49574236	0.00000000
97.17280863	0.50160804	0.00000000
97.14670163	0.50750718	0.00000000
97.12047818	0.51343977	0.00000000
97.09413834	0.51940588	0.00000000
97.06768220	0.52540591	0.00000000
97.04110980	0.53143939	0.00000000
97.01442121	0.53752458	0.00000000
96.98761650	0.54374144	0.00000000
96.96069575	0.54999319	0.00000000
96.93365900	0.55627955	0.00000000
96.90650634	0.56260037	0.00000000
96.87923782	0.56895566	0.00000000
96.85185351	0.57534561	0.00000000
96.82435349	0.58177037	0.00000000
96.79673782	0.58822958	0.00000000
96.76900657	0.59472325	0.00000000
96.74115980	0.60125136	0.00000000
96.71319759	0.60781443	0.00000000
96.68512000	0.61450926	0.00000000
96.65692711	0.62125286	0.00000000
96.62861898	0.62803183	0.00000000
96.60019568	0.63484638	0.00000000
96.57165729	0.64169660	0.00000000
96.54300387	0.64858215	0.00000000
96.51423550	0.65550305	0.00000000
96.48535224	0.66245928	0.00000000
96.45635417	0.66945128	0.00000000
96.42724136	0.67647868	0.00000000
96.39801388	0.68354139	0.00000000
96.36867180	0.69070209	0.00000000
96.33921520	0.69793211	0.00000000
96.30964414	0.70519861	0.00000000
96.27995871	0.71250115	0.00000000
96.25015897	0.71983972	0.00000000
96.22024500	0.72721433	0.00000000
96.19021687	0.73462521	0.00000000
96.16007466	0.74207236	0.00000000
96.12981843	0.74955551	0.00000000
96.09944828	0.75707465	0.00000000
96.06896426	0.76462976	0.00000000
96.03836646	0.77228832	0.00000000
96.00765495	0.78005994	0.00000000
95.97682981	0.78786861	0.00000000
95.94589111	0.79571429	0.00000000
95.91483893	0.80359700	0.00000000
95.88367335	0.81151713	0.00000000
95.85239444	0.81947434	0.00000000
95.82100228	0.82746851	0.00000000
95.78949695	0.83549965	0.00000000
95.75787852	0.84356773	0.00000000
95.72614708	0.85167319	0.00000000
95.69430270	0.85984560	0.00000000
95.66234546	0.86811224	0.00000000
95.63027545	0.87641640	0.00000000
95.59809273	0.88475807	0.00000000
95.56579739	0.89313764	0.00000000
95.53338951	0.90155477	0.00000000
95.50086916	0.91000936	0.00000000
95.46823644	0.91850138	0.00000000
95.43549141	0.92703082	0.00000000
95.40263417	0.93559802	0.00000000
95.36966479	0.94420275	0.00000000
95.33658334	0.95287497	0.00000000
95.30338993	0.96167033	0.00000000
95.27008462	0.97050384	0.00000000
95.23666750	0.97937569	0.00000000
95.20313865	0.98828589	0.00000000
95.16949815	0.99723417	0.00000000
95.13574610	1.00622051	0.00000000
95.10188256	1.01524488	0.00000000
95.06790762	1.02430733	0.00000000
95.03382138	1.03340818	0.00000000
94.99962391	1.04254701	0.00000000
94.96531529	1.05175166	0.00000000
94.93089562	1.06108781	0.00000000
94.89636497	1.07046268	0.00000000
94.86172343	1.07987654	0.00000000
94.82697109	1.08932924	0.00000000
94.79210804	1.09882058	0.00000000
94.75713435	1.10835053	0.00000000
94.72205012	1.11791909	0.00000000
94.68685543	1.12752622	0.00000000
94.65155037	1.13717234	0.00000000
94.61613503	1.14685698	0.00000000
94.58060949	1.15660596	0.00000000
94.54497385	1.16647011	0.00000000
94.50922818	1.17637335	0.00000000
94.47337258	1.18631579	0.00000000
94.43740714	1.19629758	0.00000000
94.40133194	1.20631839	0.00000000
94.36514708	1.21637818	0.00000000
94.32885264	1.22647692	0.00000000
94.29244871	1.23661458	0.00000000
94.25593539	1.24679133	0.00000000
94.21931276	1.25700719	0.00000000
94.18258092	1.26729051	0.00000000
94.14573995	1.27767341	0.00000000
94.10878995	1.28809563	0.00000000
94.07173100	1.29855715	0.00000000
94.03456320	1.30905806	0.00000000
93.99728664	1.31959848	0.00000000
93.95990142	1.33017809	0.00000000
93.92240762	1.34079687	0.00000000
93.88480534	1.35145478	0.00000000
93.84709466	1.36215179	0.00000000
93.80927569	1.37288791	0.00000000
93.77134852	1.38372501	0.00000000
93.73331324	1.39467772	0.00000000
93.69516994	1.40567020	0.00000000
93.65691872	1.41670242	0.00000000
93.61855968	1.42777434	0.00000000
93.58009290	1.43888593	0.00000000
93.54151848	1.45003736	0.00000000
93.50283652	1.46122855	0.00000000
93.46404712	1.47245930	0.00000000
93.42515037	1.48372955	0.00000000
93.38614636	1.49503929	0.00000000
93.34703519	1.50643211	0.00000000
93.30781696	1.51789061	0.00000000
93.26849177	1.52938918	0.00000000
93.22905971	1.54092751	0.00000000
93.18952088	1.55250553	0.00000000
93.14987538	1.56412318	0.00000000
93.11012330	1.57578042	0.00000000
93.07026474	1.58747722	0.00000000
93.03029981	1.59921353	0.00000000
92.99022860	1.61098961	0.00000000
92.95005121	1.62280517	0.00000000
92.90976774	1.63474660	0.00000000
92.86937828	1.64674241	0.00000000
92.82888295	1.65877808	0.00000000
92.78828183	1.67085355	0.00000000
92.74757503	1.68296879	0.00000000
92.70676265	1.69512391	0.00000000
92.66584479	1.70731885	0.00000000
92.62482155	1.71955342	0.00000000
92.58369303	1.73182757	0.00000000
92.54245934	1.74414125	0.00000000
92.50112057	1.75650891	0.00000000
92.45967683	1.76900338	0.00000000
92.41812822	1.78153779	0.00000000
92.37647484	1.79411232	0.00000000
92.33471680	1.80672673	0.00000000
92.29285420	1.81938091	0.00000000
92.25088714	1.83207483	0.00000000
92.20881572	1.84480842	0.00000000
92.16664006	1.85758165	0.00000000
92.12436025	1.87039445	0.00000000
92.08197639	1.88324678	0.00000000
92.03948861	1.89618941	0.00000000
91.99689698	1.90922678	0.00000000
91.95420163	1.92230405	0.00000000
91.91140266	1.93542117	0.00000000
91.86850018	1.94857810	0.00000000
91.82549428	1.96177477	0.00000000
91.78238508	1.97501114	0.00000000
91.73917269	1.98828714	0.00000000
91.69585720	2.00160277	0.00000000
91.65243873	2.01495814	0.00000000
91.60891739	2.02835298	0.00000000
91.56529327	2.04185773	0.00000000
91.52156650	2.05541297	0.00000000
91.47773717	2.06900791	0.00000000
91.43380539	2.08264250	0.00000000
91.38977128	2.09631666	0.00000000
91.34563495	2.11003036	0.00000000
91.30139649	2.12378352	0.00000000
91.25705603	2.13757631	0.00000000
91.21261367	2.15140845	0.00000000
91.16806951	2.16527987	0.00000000
91.12342368	2.17920613	0.00000000
91.07867628	2.19320739	0.00000000
91.03382742	2.20724799	0.00000000
90.98887721	2.22132788	0.00000000
90.94382576	2.23544700	0.00000000
90.89867319	2.24960527	0.00000000
90.85341960	2.26380268	0.00000000
90.80806511	2.27803929	0.00000000
90.76260983	2.29231486	0.00000000
90.71705387	2.30662934	0.00000000
90.67139735	2.32098267	0.00000000
90.62564037	2.33544880	0.00000000
90.57978305	2.34997459	0.00000000
90.53382551	2.36453946	0.00000000
90.48776785	2.37914334	0.00000000
90.44161019	2.39378617	0.00000000
90.39535265	2.40846787	0.00000000
90.34899534	2.42318844	0.00000000
90.30253837	2.43794787	0.00000000
90.25598185	2.45274596	0.00000000
90.20932591	2.46758265	0.00000000
90.16257066	2.48249404	0.00000000
90.11571621	2.49752016	0.00000000
90.06876268	2.51258518	0.00000000
90.02171019	2.52768900	0.00000000
89.97455885	2.54283158	0.00000000
89.92730878	2.55801282	0.00000000
89.87996009	2.57323266	0.00000000
89.83251290	2.58849103	0.00000000
89.78496733	2.60378790	0.00000000
89.73732350	2.61912325	0.00000000
89.68958152	2.63449690	0.00000000
89.64174152	2.64993921	0.00000000
89.59380360	2.66542322	0.00000000
89.54576789	2.68094545	0.00000000
89.49763451	2.69650584	0.00000000
89.44940358	2.71210430	0.00000000
89.40107521	2.72774075	0.00000000
89.35264952	2.74341513	0.00000000
89.30412664	2.75912735	0.00000000
89.25550669	2.77487734	0.00000000
89.20678977	2.79066502	0.00000000
89.15797603	2.80653596	0.00000000
89.10906556	2.82248555	0.00000000
89.06005850	2.83847298	0.00000000
89.01095497	2.85449813	0.00000000
88.96175509	2.87056093	0.00000000
88.91245898	2.88666129	0.00000000
88.86306675	2.90279914	0.00000000
88.81357854	2.91897438	0.00000000
88.76399447	2.93518695	0.00000000
88.71431466	2.95143676	0.00000000
88.66453922	2.96772981	0.00000000
88.61466829	2.98408555	0.00000000
88.56470198	3.00047840	0.00000000
88.51464043	3.01690829	0.00000000
88.46448375	3.03337513	0.00000000
88.41423207	3.04987882	0.00000000
88.36388551	3.06641930	0.00000000
88.31344419	3.08299649	0.00000000
88.26290825	3.09961034	0.00000000
88.21227780	3.11626071	0.00000000
88.16155297	3.13294751	0.00000000
88.11073389	3.14972651	0.00000000
88.05982068	3.16654805	0.00000000
88.00881347	3.18340599	0.00000000
87.95771238	3.20030025	0.00000000
87.90651754	3.21723074	0.00000000
87.85522907	3.23419737	0.00000000
87.80384711	3.25120004	0.00000000
87.75237178	3.26823868	0.00000000
87.70080320	3.28531318	0.00000000
87.64914151	3.30242346	0.00000000
87.59738683	3.31961401	0.00000000
87.54553929	3.33686421	0.00000000
87.49359901	3.35415016	0.00000000
87.44156614	3.37147177	0.00000000
87.38944078	3.38882896	0.00000000
87.33722308	3.40622161	0.00000000
87.28491316	3.42364965	0.00000000
87.23251115	3.44111299	0.00000000
87.18001719	3.45861155	0.00000000
87.12743139	3.47614521	0.00000000
87.07475389	3.49372716	0.00000000
87.02198482	3.51136053	0.00000000
86.96912432	3.52902882	0.00000000
86.91617250	3.54673193	0.00000000
86.86312951	3.56446975	0.00000000
86.80999547	3.58224220	0.00000000
86.75677051	3.60004917	0.00000000
86.70345477	3.61789057	0.00000000
86.65004838	3.63576630	0.00000000
86.59655146	3.65367625	0.00000000
86.54296416	3.67163909	0.00000000
86.48928660	3.68968419	0.00000000
86.43551891	3.70776345	0.00000000
86.38166124	3.72587676	0.00000000
86.32771371	3.74402403	0.00000000
86.27367645	3.76220516	0.00000000
86.21954960	3.78042004	0.00000000
86.16533330	3.79866857	0.00000000
86.11102767	3.81695065	0.00000000
86.05663285	3.83526617	0.00000000
86.00214897	3.85362065	0.00000000
85.94757618	3.87203946	0.00000000
85.89291460	3.89049153	0.00000000
85.83816436	3.90897675	0.00000000
85.78332562	3.92749502	0.00000000
85.72839849	3.94604622	0.00000000
85.67338312	3.96463025	0.00000000
85.61827964	3.98324701	0.00000000
85.56308818	4.00189638	0.00000000
85.50780889	4.02057827	0.00000000
85.45244191	4.03929481	0.00000000
85.39698735	4.05807364	0.00000000
85.34144538	4.07688477	0.00000000
85.28581611	4.09572808	0.00000000
85.23009969	4.11460346	0.00000000
85.17429626	4.13351081	0.00000000
85.11840595	4.15245000	0.00000000
85.06242891	4.17142094	0.00000000
85.00636526	4.19042352	0.00000000
84.95021515	4.20945761	0.00000000
84.89397873	4.22852388	0.00000000
84.83765611	4.24765369	0.00000000
84.78124746	4.26681479	0.00000000
84.72475289	4.28600706	0.00000000
84.66817257	4.30523040	0.00000000
84.61150661	4.32448468	0.00000000
84.55475517	4.34376979	0.00000000
84.49791839	4.36308563	0.00000000
84.44099640	4.38243207	0.00000000
84.38398934	4.40180901	0.00000000
84.32689736	4.42121687	0.00000000
84.26972060	4.44069386	0.00000000
84.21245920	4.46020112	0.00000000
84.15511329	4.47973853	0.00000000
84.09768303	4.49930596	0.00000000
84.04016855	4.51890330	0.00000000
83.98256999	4.53853043	0.00000000
83.92488751	4.55818724	0.00000000
83.86712123	4.57787361	0.00000000
83.80927131	4.59758942	0.00000000
83.75133788	4.61733647	0.00000000
83.69332109	4.63715117	0.00000000
83.63522108	4.65699506	0.00000000
83.57703799	4.67686803	0.00000000
83.51877198	4.69676996	0.00000000
83.46042318	4.71670072	0.00000000
83.40199173	4.73666019	0.00000000
83.34347779	4.75664826	0.00000000
83.28488149	4.77666479	0.00000000
83.22620299	4.79670967	0.00000000
83.16744242	4.81678717	0.00000000
83.10859993	4.83692377	0.00000000
83.04967566	4.85708845	0.00000000
82.99066977	4.87728108	0.00000000
82.93158240	4.89750153	0.00000000
82.87241369	4.91774969	0.00000000
82.81316378	4.93802543	0.00000000
82.75383284	4.95832862	0.00000000
82.69442099	4.97865914	0.00000000
82.63492840	4.99901686	0.00000000
82.57535520	5.01940177	0.00000000
82.51570154	5.03981398	0.00000000
82.45596758	5.06025303	0.00000000
82.39615345	5.08071876	0.00000000
82.33625931	5.10121107	0.00000000
82.27628530	5.12172981	0.00000000
82.21623158	5.14227487	0.00000000
82.15609828	5.16284611	0.00000000
82.09588556	5.18344341	0.00000000
82.03559357	5.20406663	0.00000000
81.97522246	5.22472998	0.00000000
81.91477237	5.24544147	0.00000000
81.85424345	5.26617859	0.00000000
81.79363586	5.28694121	0.00000000
81.73294975	5.30772920	0.00000000
81.67218526	5.32854243	0.00000000
81.61134254	5.34938075	0.00000000
81.55042174	5.37024404	0.00000000
81.48942302	5.39113216	0.00000000
81.42834653	5.41204500	0.00000000
81.36719241	5.43295783	0.00000000
81.30596082	5.45387716	0.00000000
81.24465191	5.47482068	0.00000000
81.18326582	5.49578828	0.00000000
81.12180272	5.51677981	0.00000000
81.06026275	5.53779515	0.00000000
80.99864607	5.55883415	0.00000000
80.93695282	5.57989669	0.00000000
80.87518317	5.60098262	0.00000000
80.81333725	5.62209181	0.00000000
80.75141524	5.64325477	0.00000000
80.68941726	5.66444811	0.00000000
80.62734349	5.68566440	0.00000000
80.56519408	5.70690350	0.00000000
80.50296917	5.72816527	0.00000000
80.44066893	5.74944958	0.00000000
80.37829350	5.77075628	0.00000000
80.31584304	5.79208522	0.00000000
80.25331770	5.81343625	0.00000000
80.19071764	5.83480576	0.00000000
80.12804301	5.85615035	0.00000000
80.06529398	5.87751653	0.00000000
80.00247068	5.89890416	0.00000000
79.93957328	5.92031310	0.00000000
79.87660194	5.94174322	0.00000000
79.81355680	5.96319436	0.00000000
79.75043803	5.98466639	0.00000000
79.68724578	6.00615917	0.00000000
79.62398021	6.02767256	0.00000000
79.56064146	6.04919012	0.00000000
79.49722971	6.07069957	0.00000000
79.43374510	6.09222911	0.00000000
79.37018780	6.11377860	0.00000000
79.30655795	6.13534786	0.00000000
79.24285573	6.15693674	0.00000000
79.17908127	6.17854514	0.00000000
79.11523475	6.20017292	0.00000000
79.05131631	6.22181993	0.00000000
78.98732613	6.24348604	0.00000000
78.92326434	6.26513016	0.00000000
78.85913112	6.28677529	0.00000000
78.79492663	6.30843896	0.00000000
78.73065101	6.33012102	0.00000000
78.66630443	6.35182134	0.00000000
78.60188705	6.37353977	0.00000000
78.53739903	6.39527616	0.00000000
78.47284052	6.41703038	0.00000000
78.40821169	6.43880221	0.00000000
78.34351270	6.46059152	0.00000000
78.27874370	6.48239817	0.00000000
78.21390485	6.50422207	0.00000000
78.14899632	6.52606306	0.00000000
78.08401827	6.54792100	0.00000000
78.01897085	6.56979574	0.00000000
77.95385423	6.59168714	0.00000000
77.88866857	6.61359505	0.00000000
77.82341402	6.63551932	0.00000000
77.75809076	6.65745980	0.00000000
77.69269893	6.67934633	0.00000000
77.62723871	6.70116426	0.00000000
77.56171026	6.72299758	0.00000000
77.49611373	6.74484622	0.00000000
77.43044928	6.76671004	0.00000000
77.36471709	6.78858889	0.00000000
77.29891731	6.81048262	0.00000000
77.23305011	6.83239108	0.00000000
77.16711564	6.85431414	0.00000000
77.10111408	6.87625163	0.00000000
77.03504557	6.89815540	0.00000000
76.96891030	6.92006625	0.00000000
76.90270842	6.94199096	0.00000000
76.83644008	6.96392927	0.00000000
76.77010547	6.98588117	0.00000000
76.70370474	7.00784653	0.00000000
76.63723805	7.02982518	0.00000000
76.57070558	7.05181697	0.00000000
76.50410747	7.07382177	0.00000000
76.43744391	7.09579020	0.00000000
76.37071505	7.11766834	0.00000000
76.30392105	7.13955876	0.00000000
76.23706209	7.16146131	0.00000000
76.17013833	7.18337567	0.00000000
76.10314993	7.20530182	0.00000000
76.03609705	7.22723965	0.00000000
75.96897988	7.24918901	0.00000000
75.90179856	7.27114975	0.00000000
75.83455327	7.29312172	0.00000000
75.76724417	7.31505359	0.00000000
75.69987143	7.33698369	0.00000000
75.63243521	7.35892446	0.00000000
75.56493568	7.38087573	0.00000000
75.49737302	7.40283715	0.00000000
75.42974737	7.42480878	0.00000000
75.36205892	7.44679048	0.00000000
75.29430783	7.46878210	0.00000000
75.22649427	7.49078348	0.00000000
75.15861839	7.51274687	0.00000000
75.09068038	7.53461088	0.00000000
75.02268040	7.55648394	0.00000000
74.95461862	7.57836592	0.00000000
74.88649520	7.60025642	0.00000000
74.81831032	7.62215547	0.00000000
74.75006413	7.64406297	0.00000000
74.68175682	7.66597877	0.00000000
74.61338855	7.68790273	0.00000000
74.54495948	7.70983467	0.00000000
74.47646980	7.73172500	0.00000000
74.40791965	7.75361315	0.00000000
74.33930923	7.77550874	0.00000000
74.27063869	7.79741133	0.00000000
74.20190820	7.81932106	0.00000000
74.13311794	7.84123779	0.00000000
74.06426807	7.86316136	0.00000000
73.99535877	7.88509163	0.00000000
73.92639020	7.90702842	0.00000000
73.85736254	7.92892539	0.00000000
73.78827595	7.95075772	0.00000000
73.71913061	7.97259571	0.00000000
73.64992668	7.99443934	0.00000000
73.58066435	8.01628858	0.00000000
73.51134377	8.03814326	0.00000000
73.44196512	8.06000324	0.00000000
73.37252857	8.08186836	0.00000000
73.30303430	8.10373847	0.00000000
73.23348247	8.12561342	0.00000000
73.16387326	8.14733389	0.00000000
73.09420683	8.16905486	0.00000000
73.02448337	8.19077997	0.00000000
72.95470303	8.21250908	0.00000000
72.88486601	8.23424204	0.00000000
72.81497246	8.25597868	0.00000000
72.74502256	8.27771886	0.00000000
72.67501648	8.29946243	0.00000000
72.60495440	8.32120885	0.00000000
72.53483649	8.34285774	0.00000000
72.46466292	8.36443865	0.00000000
72.39443386	8.38602211	0.00000000
72.32414949	8.40760795	0.00000000
72.25380999	8.42919604	0.00000000
72.18341552	8.45078622	0.00000000
72.11296626	8.47237812	0.00000000
72.04246239	8.49397157	0.00000000
71.97190407	8.51556665	0.00000000
71.90129148	8.53714936	0.00000000
71.83062481	8.55868354	0.00000000
71.75990421	8.58021882	0.00000000
71.68912987	8.60175505	0.00000000
71.61830196	8.62329195	0.00000000
71.54742065	8.64482911	0.00000000
71.47648613	8.66636676	0.00000000
71.40549856	8.68790473	0.00000000
71.33445812	8.70944288	0.00000000
71.26336499	8.73098105	0.00000000
71.19221934	8.75246248	0.00000000
71.12102135	8.77393553	0.00000000
71.04977120	8.79540767	0.00000000
70.97846905	8.81687913	0.00000000
70.90711509	8.83834979	0.00000000
70.83570949	8.85981947	0.00000000
70.76425243	8.88128802	0.00000000
70.69274409	8.90275530	0.00000000
70.62118463	8.92422090	0.00000000
70.54957425	8.94558438	0.00000000
70.47791311	8.96686922	0.00000000
70.40620139	8.98815197	0.00000000
70.33443927	9.00943247	0.00000000
70.26262693	9.03071057	0.00000000
70.19076454	9.05198613	0.00000000
70.11885229	9.07325846	0.00000000
70.04689034	9.09452788	0.00000000
69.97487888	9.11579428	0.00000000
69.90281808	9.13702457	0.00000000
69.83070813	9.15816489	0.00000000
69.75854920	9.17930162	0.00000000
69.68634147	9.20043431	0.00000000
69.61408511	9.22156278	0.00000000
69.54178031	9.24268719	0.00000000
69.46942724	9.26380740	0.00000000
69.39702609	9.28492326	0.00000000
69.32457703	9.30603461	0.00000000
69.25208024	9.32713955	0.00000000
69.17953590	9.34811328	0.00000000
69.10694419	9.36908193	0.00000000
69.03430528	9.39004533	0.00000000
68.96161937	9.41100334	0.00000000
68.88888662	9.43195580	0.00000000
68.81610722	9.45290250	0.00000000
68.74328134	9.47384274	0.00000000
68.67040918	9.49477697	0.00000000
68.59749090	9.51570504	0.00000000
68.52452668	9.53639832	0.00000000
68.45151671	9.55701715	0.00000000
68.37846117	9.57762906	0.00000000
68.30536024	9.59823324	0.00000000
68.23221409	9.61883022	0.00000000
68.15902292	9.63941986	0.00000000
68.08578689	9.66000201	0.00000000
68.01250619	9.68057652	0.00000000
67.93918101	9.70114320	0.00000000
67.86581152	9.72160135	0.00000000
67.79239790	9.74196659	0.00000000
67.71894034	9.76232342	0.00000000
67.64543901	9.78267170	0.00000000
67.57189410	9.80301127	0.00000000
67.49830579	9.82334184	0.00000000
67.42467426	9.84366281	0.00000000
67.35099970	9.86397462	0.00000000
67.27728228	9.88427713	0.00000000
67.20352219	9.90445254	0.00000000
67.12971961	9.92438050	0.00000000
67.05587472	9.94429809	0.00000000
66.98198770	9.96420502	0.00000000
66.90805874	9.98410161	0.00000000
66.83408802	10.00398772	0.00000000
66.76007572	10.02386320	0.00000000
66.68602203	10.04372791	0.00000000
66.61192712	10.06358117	0.00000000
66.53779119	10.08339035	0.00000000
66.46361441	10.10297202	0.00000000
66.38939696	10.12254214	0.00000000
66.31513904	10.14210057	0.00000000
66.24084082	10.16164716	0.00000000
66.16650249	10.18118094	0.00000000
66.09212423	10.20070257	0.00000000
66.01770622	10.22021193	0.00000000
65.94324865	10.23970887	0.00000000
65.86875170	10.25919325	0.00000000
65.79421556	10.27826191	0.00000000
65.71964041	10.29729314	0.00000000
65.64502644	10.31631107	0.00000000
65.57037382	10.33531556	0.00000000
65.49568275	10.35430645	0.00000000
65.42095340	10.37328362	0.00000000
65.34618597	10.39224635	0.00000000
65.27138063	10.41119475	0.00000000
65.19653757	10.43012900	0.00000000
65.12165699	10.44868876	0.00000000
65.04673905	10.46711627	0.00000000
64.97178395	10.48552888	0.00000000
64.89679187	10.50392556	0.00000000
64.82176300	10.52230706	0.00000000
64.74669752	10.54067324	0.00000000
64.67159561	10.55902398	0.00000000
64.59645748	10.57735914	0.00000000
64.52128328	10.59567829	0.00000000
64.44607323	10.61377160	0.00000000
64.37082749	10.63168807	0.00000000
64.29554626	10.64958818	0.00000000
64.22022972	10.66747180	0.00000000
64.14487806	10.68533879	0.00000000
64.06949147	10.70318836	0.00000000
63.99407012	10.72102075	0.00000000
63.91861421	10.73883610	0.00000000
63.84312392	10.75663428	0.00000000
63.76759945	10.77420624	0.00000000
63.69204096	10.79142270	0.00000000
63.61644866	10.80862035	0.00000000
63.54082273	10.82579999	0.00000000
63.46516336	10.84296148	0.00000000
63.38947073	10.86010470	0.00000000
63.31374503	10.87722950	0.00000000
63.23798644	10.89433545	0.00000000
63.16219516	10.91142210	0.00000000
63.08637137	10.92838819	0.00000000
63.01051526	10.94489356	0.00000000
62.93462701	10.96137959	0.00000000
62.85870682	10.97784614	0.00000000
62.78275487	10.99429251	0.00000000
62.70677134	11.01071877	0.00000000
62.63075643	11.02712518	0.00000000
62.55471033	11.04351162	0.00000000
62.47863322	11.05987797	0.00000000
62.40252528	11.07622409	0.00000000
62.32638672	11.09205750	0.00000000
62.25021771	11.10786412	0.00000000
62.17401844	11.12364990	0.00000000
62.09778911	11.13941472	0.00000000
62.02152989	11.15515846	0.00000000
61.94524098	11.17088100	0.00000000
61.86892257	11.18658123	0.00000000
61.79257485	11.20226000	0.00000000
61.71619800	11.21791720	0.00000000
61.63979221	11.23321644	0.00000000
61.56335767	11.24839485	0.00000000
61.48689457	11.26355103	0.00000000
61.41040311	11.27868408	0.00000000
61.33388346	11.29379477	0.00000000
61.25733581	11.30888298	0.00000000
61.18076036	11.32394861	0.00000000
61.10415730	11.33899154	0.00000000
61.02752681	11.35401143	0.00000000
60.95086909	11.36875964	0.00000000
60.87418432	11.38328650	0.00000000
60.79747268	11.39779001	0.00000000
60.72073439	11.41227005	0.00000000
60.64396961	11.42672650	0.00000000
60.56717854	11.44115908	0.00000000
60.49036138	11.45556701	0.00000000
60.41351830	11.46995101	0.00000000
60.33664950	11.48431098	0.00000000
60.25975518	11.49852288	0.00000000
60.18283551	11.51244418	0.00000000
60.10589069	11.52634091	0.00000000
60.02892092	11.54021204	0.00000000
59.95192637	11.55405843	0.00000000
59.87490724	11.56787997	0.00000000
59.79786373	11.58167655	0.00000000
59.72079601	11.59544805	0.00000000
59.64370428	11.60919437	0.00000000
59.56658874	11.62289161	0.00000000
59.48944957	11.63619926	0.00000000
59.41228696	11.64948127	0.00000000
59.33510110	11.66273753	0.00000000
59.25789219	11.67596794	0.00000000
59.18066041	11.68917240	0.00000000
59.10340595	11.70235031	0.00000000
59.02612901	11.71550151	0.00000000
58.94882978	11.72862643	0.00000000
58.87150845	11.74172497	0.00000000
58.79416520	11.75457339	0.00000000
58.71680023	11.76733497	0.00000000
58.63941374	11.78006976	0.00000000
58.56200591	11.79277669	0.00000000
58.48457692	11.80545660	0.00000000
58.40712699	11.81810940	0.00000000
58.32965629	11.83073499	0.00000000
58.25216501	11.84333328	0.00000000
58.17465335	11.85590415	0.00000000
58.09712151	11.86831224	0.00000000
58.01956966	11.88054889	0.00000000
57.94199801	11.89275775	0.00000000
57.86440674	11.90493871	0.00000000
57.78679605	11.91709168	0.00000000
57.70916612	11.92921655	0.00000000
57.63151716	11.94131323	0.00000000
57.55384934	11.95338117	0.00000000
57.47616287	11.96542015	0.00000000
57.39845794	11.97739351	0.00000000
57.32073473	11.98915072	0.00000000
57.24299344	12.00087918	0.00000000
57.16523425	12.01257878	0.00000000
57.08745738	12.02424944	0.00000000
57.00966299	12.03589064	0.00000000
56.93185130	12.04750213	0.00000000
56.85402248	12.05908436	0.00000000
56.77617674	12.07063725	0.00000000
56.69831426	12.08216069	0.00000000
56.62043523	12.09346739	0.00000000
56.54253985	12.10470374	0.00000000
56.46462832	12.11591019	0.00000000
56.38670082	12.12708594	0.00000000
56.30875754	12.13823171	0.00000000
56.23079868	12.14934741	0.00000000
56.15282443	12.16043294	0.00000000
56.07483499	12.17148820	0.00000000
55.99683054	12.18251310	0.00000000
55.91881128	12.19343251	0.00000000
55.84077740	12.20422591	0.00000000
55.76272909	12.21498818	0.00000000
55.68466656	12.22571967	0.00000000
55.60658998	12.23642030	0.00000000
55.52849955	12.24708997	0.00000000
55.45039547	12.25772858	0.00000000
55.37227793	12.26833605	0.00000000
55.29414712	12.27891227	0.00000000
55.21600323	12.28945295	0.00000000
55.13784646	12.29984915	0.00000000
55.05967700	12.31021381	0.00000000
54.98149504	12.32054683	0.00000000
54.90330078	12.33084812	0.00000000
54.82509441	12.34111759	0.00000000
54.74687612	12.35135515	0.00000000
54.66864611	12.36156070	0.00000000
54.59040457	12.37173409	0.00000000
54.51215169	12.38187447	0.00000000
54.43388766	12.39188461	0.00000000
54.35561269	12.40179351	0.00000000
54.27732695	12.41166994	0.00000000
54.19903065	12.42151381	0.00000000
54.12072398	12.43132502	0.00000000
54.04240714	12.44110348	0.00000000
53.96408030	12.45084910	0.00000000
53.88574368	12.46056157	0.00000000
53.80739746	12.47024039	0.00000000
53.72904184	12.47986594	0.00000000
53.65067701	12.48931075	0.00000000
53.57230316	12.49872227	0.00000000
53.49392048	12.50810041	0.00000000
53.41552918	12.51744508	0.00000000
53.33712944	12.52675620	0.00000000
53.25872146	12.53603367	0.00000000
53.18030543	12.54527741	0.00000000
53.10188154	12.55448652	0.00000000
53.02345000	12.56366170	0.00000000
52.94501098	12.57276632	0.00000000
52.86656470	12.58181485	0.00000000
52.78811133	12.59082921	0.00000000
52.70965108	12.59980930	0.00000000
52.63118413	12.60875505	0.00000000
52.55271068	12.61766637	0.00000000
52.47423094	12.62654316	0.00000000
52.39574507	12.63538526	0.00000000
52.31725330	12.64419196	0.00000000
52.23875580	12.65294735	0.00000000
52.16025276	12.66151950	0.00000000
52.08174440	12.67005670	0.00000000
52.00323089	12.67855889	0.00000000
51.92471244	12.68702597	0.00000000
51.84618923	12.69545786	0.00000000
51.76766146	12.70385447	0.00000000
51.68912932	12.71221573	0.00000000
51.61059301	12.72054154	0.00000000
51.53205273	12.72883129	0.00000000
51.45350866	12.73699354	0.00000000
51.37496100	12.74504632	0.00000000
51.29640995	12.75306334	0.00000000
51.21785569	12.76104452	0.00000000
51.13929843	12.76898978	0.00000000
51.06073835	12.77689903	0.00000000
50.98217565	12.78477219	0.00000000
50.90361052	12.79260919	0.00000000
50.82504317	12.80040994	0.00000000
50.74647377	12.80817436	0.00000000
50.66790254	12.81584824	0.00000000
50.58932965	12.82348411	0.00000000
50.51075531	12.83108341	0.00000000
50.43217970	12.83864607	0.00000000
50.35360303	12.84617200	0.00000000
50.27502548	12.85366113	0.00000000
50.19644726	12.86111338	0.00000000
50.11786855	12.86852866	0.00000000
50.03928955	12.87590689	0.00000000
49.96071045	12.88320583	0.00000000
49.88213145	12.89040137	0.00000000
49.80355274	12.89755966	0.00000000
49.72497452	12.90468010	0.00000000
49.64639697	12.91176292	0.00000000
49.56782030	12.91880825	0.00000000
49.48924469	12.92581601	0.00000000
49.41067035	12.93278612	0.00000000
49.33209746	12.93971850	0.00000000
49.25352623	12.94661309	0.00000000
49.17495683	12.95338425	0.00000000
49.09638948	12.96009397	0.00000000
49.01782435	12.96676569	0.00000000
48.93926165	12.97339933	0.00000000
48.86070157	12.97999480	0.00000000
48.78214431	12.98655187	0.00000000
48.70359005	12.99307012	0.00000000
48.62503900	12.99954999	0.00000000
48.54649134	13.00599139	0.00000000
48.46794727	13.01237725	0.00000000
48.38940699	13.01863391	0.00000000
48.31087068	13.02485191	0.00000000
48.23233854	13.03103119	0.00000000
48.15381077	13.03717167	0.00000000
48.07528756	13.04327328	0.00000000
47.99676911	13.04933594	0.00000000
47.91825560	13.05535958	0.00000000
47.83974724	13.06134413	0.00000000
47.76124420	13.06728951	0.00000000
47.68274670	13.07316706	0.00000000
47.60425493	13.07897917	0.00000000
47.52576906	13.08475191	0.00000000
47.44728932	13.09048521	0.00000000
47.36881587	13.09617901	0.00000000
47.29034892	13.10183322	0.00000000
47.21188867	13.10744779	0.00000000
47.13343530	13.11302264	0.00000000
47.05498902	13.11855770	0.00000000
46.97655000	13.12405289	0.00000000
46.89811846	13.12941542	0.00000000
46.81969457	13.13472301	0.00000000
46.74127854	13.13999057	0.00000000
46.66287056	13.14521802	0.00000000
46.58447082	13.15040485	0.00000000
46.50607952	13.15555127	0.00000000
46.42769684	13.16065738	0.00000000
46.34932299	13.16572312	0.00000000
46.27095816	13.17074840	0.00000000
46.19260254	13.17571379	0.00000000
46.11425632	13.18055231	0.00000000
46.03591970	13.18535023	0.00000000
45.95759286	13.19010748	0.00000000
45.87927602	13.19482399	0.00000000
45.80096935	13.19949970	0.00000000
45.72267305	13.20413453	0.00000000
45.64438731	13.20872844	0.00000000
45.56611234	13.21328133	0.00000000
45.48784831	13.21779317	0.00000000
45.40959543	13.22223668	0.00000000
45.33135389	13.22661150	0.00000000
45.25312388	13.23094509	0.00000000
45.17490559	13.23523737	0.00000000
45.09669922	13.23948828	0.00000000
45.01850496	13.24369775	0.00000000
44.94032300	13.24786573	0.00000000
44.86215354	13.25199214	0.00000000
44.78399677	13.25607693	0.00000000
44.70585288	13.26012003	0.00000000
44.62772207	13.26407883	0.00000000
44.54960453	13.26798459	0.00000000
44.47150045	13.27184849	0.00000000
44.39341002	13.27567048	0.00000000
44.31533344	13.27945050	0.00000000
44.23727091	13.28318847	0.00000000
44.15922260	13.28688434	0.00000000
44.08118872	13.29053787	0.00000000
44.00316946	13.29414881	0.00000000
43.92516501	13.29771088	0.00000000
43.84717557	13.30113211	0.00000000
43.76920132	13.30451099	0.00000000
43.69124246	13.30784746	0.00000000
43.61329918	13.31114146	0.00000000
43.53537168	13.31439293	0.00000000
43.45746015	13.31760182	0.00000000
43.37956477	13.32076805	0.00000000
43.30168574	13.32389158	0.00000000
43.22382326	13.32697235	0.00000000
43.14597752	13.32997684	0.00000000
43.06814870	13.33286731	0.00000000
42.99033701	13.33571489	0.00000000
42.91254262	13.33851954	0.00000000
42.83476575	13.34128120	0.00000000
42.75700656	13.34399981	0.00000000
42.67926527	13.34667531	0.00000000
42.60154206	13.34930760	0.00000000
42.52383713	13.35189622	0.00000000
42.44615066	13.35444157	0.00000000
42.36848284	13.35691393	0.00000000
42.29083388	13.35931982	0.00000000
42.21320395	13.36168229	0.00000000
42.13559326	13.36400130	0.00000000
42.05800199	13.36627679	0.00000000
41.98043034	13.36850871	0.00000000
41.90287849	13.37069700	0.00000000
41.82534665	13.37284161	0.00000000
41.74783499	13.37494248	0.00000000
41.67034371	13.37699957	0.00000000
41.59287301	13.37897176	0.00000000
41.51542308	13.38088869	0.00000000
41.43799409	13.38276171	0.00000000
41.36058626	13.38459076	0.00000000
41.28319977	13.38637580	0.00000000
41.20583480	13.38811677	0.00000000
41.12849155	13.38981361	0.00000000
41.05117022	13.39146628	0.00000000
40.97387099	13.39307473	0.00000000
40.89659405	13.39463891	0.00000000
40.81933959	13.39605756	0.00000000
40.74210781	13.39742968	0.00000000
40.66489890	13.39875745	0.00000000
40.58771304	13.40004082	0.00000000
40.51055043	13.40127973	0.00000000
40.43341126	13.40247414	0.00000000
40.35629572	13.40362401	0.00000000
40.27920399	13.40472928	0.00000000
40.20213627	13.40578990	0.00000000
40.12509276	13.40680571	0.00000000
40.04807363	13.40777620	0.00000000
39.97107908	13.40870190	0.00000000
39.89410931	13.40958277	0.00000000
39.81716449	13.41041875	0.00000000
39.74024482	13.41120980	0.00000000
39.66335050	13.41195587	0.00000000
39.58648170	13.41265692	0.00000000
39.50963862	13.41331291	0.00000000
39.43282146	13.41392377	0.00000000
39.35603039	13.41445573	0.00000000
39.27926561	13.41487405	0.00000000
39.20252732	13.41524721	0.00000000
39.12581568	13.41557514	0.00000000
39.04913091	13.41585781	0.00000000
38.97247319	13.41609518	0.00000000
38.89584270	13.41628719	0.00000000
38.81923964	13.41643382	0.00000000
38.74266419	13.41653500	0.00000000
38.66611654	13.41659071	0.00000000
38.58959689	13.41657693	0.00000000
38.51310543	13.41649079	0.00000000
38.43664233	13.41635898	0.00000000
38.36020779	13.41618138	0.00000000
38.28380200	13.41595813	0.00000000
38.20742515	13.41568918	0.00000000
38.13107743	13.41537451	0.00000000
38.05475902	13.41501407	0.00000000
37.97847011	13.41460782	0.00000000
37.90221089	13.41415571	0.00000000
37.82598156	13.41359729	0.00000000
37.74978229	13.41295253	0.00000000
37.67361328	13.41226189	0.00000000
37.59747472	13.41152532	0.00000000
37.52136678	13.41074279	0.00000000
37.44528967	13.40991426	0.00000000
37.36924357	13.40903969	0.00000000
37.29322866	13.40811904	0.00000000
37.21724513	13.40715228	0.00000000
37.14129318	13.40613936	0.00000000
37.06537299	13.40508013	0.00000000
36.98948474	13.40397464	0.00000000
36.91362863	13.40282287	0.00000000
36.83780484	13.40162481	0.00000000
36.76201356	13.40038042	0.00000000
36.68625497	13.39908965	0.00000000
36.61052927	13.39775248	0.00000000
36.53483664	13.39636887	0.00000000
36.45917727	13.39493878	0.00000000
36.38355134	13.39346217	0.00000000
36.30795904	13.39185992	0.00000000
36.23240055	13.39019077	0.00000000
36.15687608	13.38847510	0.00000000
36.08138579	13.38671288	0.00000000
36.00592988	13.38490407	0.00000000
35.93050853	13.38304863	0.00000000
35.85512194	13.38114654	0.00000000
35.77977028	13.37919777	0.00000000
35.70445374	13.37720228	0.00000000
35.62917251	13.37516003	0.00000000
35.55392677	13.37307082	0.00000000
35.47871672	13.37093477	0.00000000
35.40354252	13.36875188	0.00000000
35.32840439	13.36652211	0.00000000
35.25330248	13.36424544	0.00000000
35.17823700	13.36192183	0.00000000
35.10320813	13.35955125	0.00000000
35.02821605	13.35713368	0.00000000
34.95326095	13.35466908	0.00000000
34.87834301	13.35215742	0.00000000
34.80346243	13.34950790	0.00000000
34.72861937	13.34680397	0.00000000
34.65381403	13.34405299	0.00000000
34.57904660	13.34125495	0.00000000
34.50431725	13.33840981	0.00000000
34.42962618	13.33551754	0.00000000
34.35497356	13.33257813	0.00000000
34.28035959	13.32959153	0.00000000
34.20578444	13.32655772	0.00000000
34.13124830	13.32347669	0.00000000
34.05675135	13.32034831	0.00000000
33.98229378	13.31717265	0.00000000
33.90787577	13.31394968	0.00000000
33.83349751	13.31067937	0.00000000
33.75915918	13.30736171	0.00000000
33.68486096	13.30399665	0.00000000
33.61060304	13.30058419	0.00000000
33.53638559	13.29712429	0.00000000
33.46220881	13.29361694	0.00000000
33.38807288	13.29006210	0.00000000
33.31397797	13.28641154	0.00000000
33.23992428	13.28271323	0.00000000
33.16591198	13.27896743	0.00000000
33.09194126	13.27517410	0.00000000
33.01801230	13.27133323	0.00000000
32.94412528	13.26744477	0.00000000
32.87028039	13.26350873	0.00000000
32.79647781	13.25952507	0.00000000
32.72271772	13.25549379	0.00000000
32.64900030	13.25141457	0.00000000
32.57532574	13.24719171	0.00000000
32.50169421	13.24292127	0.00000000
32.42810590	13.23860322	0.00000000
32.35456099	13.23423755	0.00000000
32.28105966	13.22982424	0.00000000
32.20760210	13.22536326	0.00000000
32.13418848	13.22085458	0.00000000
32.06081899	13.21629820	0.00000000
31.98749381	13.21169410	0.00000000
31.91421311	13.20704226	0.00000000
31.84097708	13.20234271	0.00000000
31.76778591	13.19759539	0.00000000
31.69463976	13.19280028	0.00000000
31.62153883	13.18795736	0.00000000
31.54848329	13.18306662	0.00000000
31.47547332	13.17812803	0.00000000
31.40250910	13.17314158	0.00000000
31.32959082	13.16810725	0.00000000
31.25671866	13.16302503	0.00000000
31.18389278	13.15789491	0.00000000
31.11111338	13.15267066	0.00000000
31.03838063	13.14739731	0.00000000
30.96569472	13.14207606	0.00000000
30.89305581	13.13670691	0.00000000
30.82046410	13.13128982	0.00000000
30.74791976	13.12582480	0.00000000
30.67542297	13.12031182	0.00000000
30.60297391	13.11475088	0.00000000
30.53057276	13.10914195	0.00000000
30.45821969	13.10348503	0.00000000
30.38591489	13.09773605	0.00000000
30.31365853	13.09193611	0.00000000
30.24145080	13.08608820	0.00000000
30.16929187	13.08019230	0.00000000
30.09718192	13.07424840	0.00000000
30.02512112	13.06825650	0.00000000
29.95310966	13.06221658	0.00000000
29.88114771	13.05612862	0.00000000
29.80923546	13.04999262	0.00000000
29.73737307	13.04380857	0.00000000
29.66556073	13.03753526	0.00000000
29.59379861	13.03120845	0.00000000
29.52208689	13.02483362	0.00000000
29.45042575	13.01841076	0.00000000
29.37881537	13.01193986	0.00000000
29.30725591	13.00542090	0.00000000
29.23574757	12.99885388	0.00000000
29.16429051	12.99223880	0.00000000
29.09288491	12.98557564	0.00000000
29.02153095	12.97886439	0.00000000
28.95022880	12.97210529	0.00000000
28.87897865	12.96529816	0.00000000
28.80778066	12.95844292	0.00000000
28.73663501	12.95153956	0.00000000
28.66554188	12.94458808	0.00000000
28.59450144	12.93758847	0.00000000
28.52351387	12.93054072	0.00000000
28.45257935	12.92344483	0.00000000
28.38169804	12.91630079	0.00000000
28.31087013	12.90910859	0.00000000
28.24009579	12.90180203	0.00000000
28.16937519	12.89442165	0.00000000
28.09870852	12.88699323	0.00000000
28.02809593	12.87951676	0.00000000
27.95753761	12.87199222	0.00000000
27.88703374	12.86441963	0.00000000
27.81658448	12.85679896	0.00000000
27.74619001	12.84913023	0.00000000
27.67585051	12.84141342	0.00000000
27.60556614	12.83364853	0.00000000
27.53533708	12.82580778	0.00000000
27.46516351	12.81790130	0.00000000
27.39504560	12.80994680	0.00000000
27.32498352	12.80194427	0.00000000
27.25497744	12.79389370	0.00000000
27.18502754	12.78579511	0.00000000
27.11513399	12.77764847	0.00000000
27.04529697	12.76945380	0.00000000
26.97551663	12.76121109	0.00000000
26.90579317	12.75292010	0.00000000
26.83612674	12.74458116	0.00000000
26.76651753	12.73619442	0.00000000
26.69696570	12.72775963	0.00000000
26.62747143	12.71927679	0.00000000
26.55803488	12.71074590	0.00000000
26.48865623	12.70216695	0.00000000
26.41933565	12.69353994	0.00000000
26.35007332	12.68486488	0.00000000
26.28086939	12.67614177	0.00000000
26.21172405	12.66737059	0.00000000
26.14263746	12.65853644	0.00000000
26.07360980	12.64962452	0.00000000
26.00464123	12.64066461	0.00000000
25.93573193	12.63165671	0.00000000
25.86688206	12.62260082	0.00000000
25.79809180	12.61349694	0.00000000
25.72936131	12.60434507	0.00000000
25.66069077	12.59514522	0.00000000
25.59208035	12.58589737	0.00000000
25.52353020	12.57660153	0.00000000
25.45504052	12.56724302	0.00000000
25.38661145	12.55776249	0.00000000
25.31824318	12.54823411	0.00000000
25.24993587	12.53865789	0.00000000
25.18168968	12.52903381	0.00000000
25.11350480	12.51936189	0.00000000
25.04538138	12.50964213	0.00000000
24.97731960	12.49987452	0.00000000
24.90931962	12.49005907	0.00000000
24.84138161	12.48019573	0.00000000
24.77350573	12.47028404	0.00000000
24.70569217	12.46032514	0.00000000
24.63794108	12.45031840	0.00000000
24.57025263	12.44026384	0.00000000
24.50262698	12.43016143	0.00000000
24.43506432	12.42001119	0.00000000
24.36756479	12.40981312	0.00000000
24.30012857	12.39956722	0.00000000
24.23275583	12.38927348	0.00000000
24.16544673	12.37893192	0.00000000
24.09820144	12.36854253	0.00000000
24.03102012	12.35810556	0.00000000
23.96390295	12.34762085	0.00000000
23.89685007	12.33708831	0.00000000
23.82986167	12.32650795	0.00000000
23.76293791	12.31587978	0.00000000
23.69607895	12.30520378	0.00000000
23.62928495	12.29447997	0.00000000
23.56255609	12.28370833	0.00000000
23.49589253	12.27288888	0.00000000
23.42929442	12.26202161	0.00000000
23.36276195	12.25106104	0.00000000
23.29629526	12.24001219	0.00000000
23.22989453	12.22891514	0.00000000
23.16355992	12.21777041	0.00000000
23.09729158	12.20657800	0.00000000
23.03108970	12.19533791	0.00000000
22.96495443	12.18405013	0.00000000
22.89888592	12.17271468	0.00000000
22.83288436	12.16133155	0.00000000
22.76694989	12.14990073	0.00000000
22.70108269	12.13842222	0.00000000
22.63528291	12.12689603	0.00000000
22.56955072	12.11532214	0.00000000
22.50388627	12.10370056	0.00000000
22.43828974	12.09203129	0.00000000
22.37276129	12.08031431	0.00000000
22.30730107	12.06854963	0.00000000
22.24190924	12.05673724	0.00000000
22.17658598	12.04487714	0.00000000
22.11133143	12.03296932	0.00000000
22.04614577	12.02101326	0.00000000
21.98102915	12.00896813	0.00000000
21.91598173	11.99687465	0.00000000
21.85100368	11.98473349	0.00000000
21.78609515	11.97254465	0.00000000
21.72125630	11.96030812	0.00000000
21.65648730	11.94802389	0.00000000
21.59178831	11.93569195	0.00000000
21.52715948	11.92331230	0.00000000
21.46260097	11.91088492	0.00000000
21.39811295	11.89840981	0.00000000
21.33369557	11.88588747	0.00000000
21.26934899	11.87331766	0.00000000
21.20507337	11.86070008	0.00000000
21.14086888	11.84803473	0.00000000
21.07673566	11.83532159	0.00000000
21.01267387	11.82255971	0.00000000
20.94868369	11.80974979	0.00000000
20.88476525	11.79689204	0.00000000
20.82091873	11.78398644	0.00000000
20.75714427	11.77103299	0.00000000
20.69344205	11.75801912	0.00000000
20.62981220	11.74492861	0.00000000
20.56625490	11.73179032	0.00000000
20.50277029	11.71860424	0.00000000
20.43935854	11.70537037	0.00000000
20.37601979	11.69208874	0.00000000
20.31275422	11.67875935	0.00000000
20.24956197	11.66538223	0.00000000
20.18644320	11.65195694	0.00000000
20.12339806	11.63848311	0.00000000
20.06042672	11.62496170	0.00000000
19.99752932	11.61135692	0.00000000
19.93470602	11.59770092	0.00000000
19.87195699	11.58399792	0.00000000
19.80928236	11.57024825	0.00000000
19.74668230	11.55645231	0.00000000
19.68415696	11.54261076	0.00000000
19.62170650	11.52872452	0.00000000
19.55933107	11.51479510	0.00000000
19.49703083	11.50082446	0.00000000
19.43480592	11.48681780	0.00000000
19.37265651	11.47279448	0.00000000
19.31058274	11.45877656	0.00000000
19.24858476	11.44463637	0.00000000
19.18666275	11.43037997	0.00000000
19.12481683	11.41603842	0.00000000
19.06304718	11.40162199	0.00000000
19.00135393	11.38713635	0.00000000
18.93973725	11.37258348	0.00000000
18.87819728	11.35796766	0.00000000
18.81673418	11.34329138	0.00000000
18.75534809	11.32855633	0.00000000
18.69403918	11.31373174	0.00000000
18.63280759	11.29884371	0.00000000
18.57165347	11.28390069	0.00000000
18.51057698	11.26890366	0.00000000
18.44957826	11.25385346	0.00000000
18.38865746	11.23875090	0.00000000
18.32781474	11.22359669	0.00000000
18.26705025	11.20839083	0.00000000
18.20636414	11.19313379	0.00000000
18.14575655	11.17782702	0.00000000
18.08522763	11.16247139	0.00000000
18.02477754	11.14706767	0.00000000
17.96440643	11.13161577	0.00000000
17.90411444	11.11611617	0.00000000
17.84390172	11.10056931	0.00000000
17.78376842	11.08497562	0.00000000
17.72371470	11.06933551	0.00000000
17.66374069	11.05364938	0.00000000
17.60384655	11.03791760	0.00000000
17.54403242	11.02214055	0.00000000
17.48429846	11.00631778	0.00000000
17.42464480	10.99041172	0.00000000
17.36507160	10.97446059	0.00000000
17.30557901	10.95846563	0.00000000
17.24616716	10.94242717	0.00000000
17.18683622	10.92634552	0.00000000
17.12758631	10.91022098	0.00000000
17.06841760	10.89405386	0.00000000
17.00933023	10.87784443	0.00000000
16.95032434	10.86159299	0.00000000
16.89140007	10.84529981	0.00000000
16.83255758	10.82896574	0.00000000
16.77379701	10.81259087	0.00000000
16.71511851	10.79617508	0.00000000
16.65652221	10.77971756	0.00000000
16.59800827	10.76321948	0.00000000
16.53957682	10.74668125	0.00000000
16.48122802	10.73010313	0.00000000
16.42296201	10.71348535	0.00000000
16.36477892	10.69682816	0.00000000
16.30667891	10.68013179	0.00000000
16.24866212	10.66338775	0.00000000
16.19072869	10.64657578	0.00000000
16.13287877	10.62972541	0.00000000
16.07511249	10.61283686	0.00000000
16.01743001	10.59591034	0.00000000
15.95983145	10.57894609	0.00000000
15.90231697	10.56194431	0.00000000
15.84488671	10.54490436	0.00000000
15.78754080	10.52782703	0.00000000
15.73027940	10.51071283	0.00000000
15.67310264	10.49356197	0.00000000
15.61601066	10.47634173	0.00000000
15.55900360	10.45908017	0.00000000
15.50208161	10.44178265	0.00000000
15.44524483	10.42444936	0.00000000
15.38849339	10.40708050	0.00000000
15.33182743	10.38967628	0.00000000
15.27524711	10.37223689	0.00000000
15.21875254	10.35476253	0.00000000
15.16234389	10.33725340	0.00000000
15.10602127	10.31970968	0.00000000
15.04978485	10.30213181	0.00000000
14.99363474	10.28451939	0.00000000
14.93757109	10.26687298	0.00000000
14.88159405	10.24919275	0.00000000
14.82570374	10.23147891	0.00000000
14.76990031	10.21373162	0.00000000
14.71418389	10.19595109	0.00000000
14.65855462	10.17813748	0.00000000
14.60301265	10.16029100	0.00000000
14.54755809	10.14241181	0.00000000
14.49219111	10.12448891	0.00000000
14.43691182	10.10647043	0.00000000
14.38172036	10.08841993	0.00000000
14.32661688	10.07033761	0.00000000
14.27160151	10.05222364	0.00000000
14.21667438	10.03407724	0.00000000
14.16183564	10.01589937	0.00000000
14.10708540	9.99769039	0.00000000
14.05242382	9.97945047	0.00000000
13.99785103	9.96117978	0.00000000
13.94336715	9.94287849	0.00000000
13.88897233	9.92454764	0.00000000
13.83466670	9.90618678	0.00000000
13.78045040	9.88779583	0.00000000
13.72632355	9.86937499	0.00000000
13.67228629	9.85092441	0.00000000
13.61833876	9.83244426	0.00000000
13.56448109	9.81393472	0.00000000
13.51071340	9.79539595	0.00000000
13.45703584	9.77682753	0.00000000
13.40344854	9.75822968	0.00000000
13.34995162	9.73958781	0.00000000
13.29654523	9.72089691	0.00000000
13.24322949	9.70217769	0.00000000
13.19000453	9.68343033	0.00000000
13.13687049	9.66465500	0.00000000
13.08382750	9.64585184	0.00000000
13.03087568	9.62702104	0.00000000
12.97801518	9.60816275	0.00000000
12.92524611	9.58927714	0.00000000
12.87256861	9.57036437	0.00000000
12.81998281	9.55142255	0.00000000
12.76748885	9.53242063	0.00000000
12.71508684	9.51339158	0.00000000
12.66277692	9.49433548	0.00000000
12.61055922	9.47525310	0.00000000
12.55843386	9.45614462	0.00000000
12.50640099	9.43701020	0.00000000
12.45446071	9.41784999	0.00000000
12.40261317	9.39866415	0.00000000
12.35085849	9.37945284	0.00000000
12.29919680	9.36021623	0.00000000
12.24762822	9.34095525	0.00000000
12.19615289	9.32166965	0.00000000
12.14477093	9.30235922	0.00000000
12.09348246	9.28302411	0.00000000
12.04228762	9.26366450	0.00000000
11.99118653	9.24427968	0.00000000
11.94017932	9.22487032	0.00000000
11.88926611	9.20543692	0.00000000
11.83844703	9.18597963	0.00000000
11.78772220	9.16649861	0.00000000
11.73709175	9.14699436	0.00000000
11.68655581	9.12746748	0.00000000
11.63611449	9.10791734	0.00000000
11.58576793	9.08834410	0.00000000
11.53551625	9.06874791	0.00000000
11.48535957	9.04912893	0.00000000
11.43529802	9.02948732	0.00000000
11.38533171	9.00982322	0.00000000
11.33546078	8.99013643	0.00000000
11.28568534	8.97042662	0.00000000
11.23600553	8.95069479	0.00000000
11.18642146	8.93090967	0.00000000
11.13693325	8.91109984	0.00000000
11.08754102	8.89126853	0.00000000
11.03824491	8.87141591	0.00000000
10.98904503	8.85154212	0.00000000
10.93994150	8.83164732	0.00000000
10.89093444	8.81173167	0.00000000
10.84202397	8.79179531	0.00000000
10.79321023	8.77183840	0.00000000
10.74449331	8.75186109	0.00000000
10.69587336	8.73188207	0.00000000
10.64735048	8.71189886	0.00000000
10.59892479	8.69189562	0.00000000
10.55059642	8.67187252	0.00000000
10.50236549	8.65182971	0.00000000
10.45423211	8.63176733	0.00000000
10.40619640	8.61168554	0.00000000
10.35825848	8.59158448	0.00000000
10.31041848	8.57146432	0.00000000
10.26267650	8.55132521	0.00000000
10.21503267	8.53116741	0.00000000
10.16748710	8.51099192	0.00000000
10.12003991	8.49079794	0.00000000
10.07269122	8.47058531	0.00000000
10.02544115	8.45035348	0.00000000
9.97828981	8.43010360	0.00000000
9.93123732	8.40983584	0.00000000
9.88428379	8.38955033	0.00000000
9.83742934	8.36924723	0.00000000
9.79067409	8.34892670	0.00000000
9.74401815	8.32858887	0.00000000
9.69746163	8.30825782	0.00000000
9.65100466	8.28791994	0.00000000
9.60464735	8.26756514	0.00000000
9.55838981	8.24719357	0.00000000
9.51223215	8.22680538	0.00000000
9.46617449	8.20639971	0.00000000
9.42021695	8.18597740	0.00000000
9.37435963	8.16553893	0.00000000
9.32860265	8.14508444	0.00000000
9.28294613	8.12461408	0.00000000
9.23739017	8.10412828	0.00000000
9.19193489	8.08362764	0.00000000
9.14658040	8.06311159	0.00000000
9.10132681	8.04258029	0.00000000
9.05617424	8.02203388	0.00000000
9.01112279	8.00147251	0.00000000
8.96617258	7.98089634	0.00000000
8.92132372	7.96030471	0.00000000
8.87657632	7.93969799	0.00000000
8.83193049	7.91907691	0.00000000
8.78738633	7.89844163	0.00000000
8.74294397	7.87784777	0.00000000
8.69860351	7.85725002	0.00000000
8.65436505	7.83663834	0.00000000
8.61022872	7.81601288	0.00000000
8.56619461	7.79537379	0.00000000
8.52226283	7.77472123	0.00000000
8.47843350	7.75405535	0.00000000
8.43470673	7.73337629	0.00000000
8.39108261	7.71268314	0.00000000
8.34756127	7.69197675	0.00000000
8.30414280	7.67127065	0.00000000
8.26082731	7.65057141	0.00000000
8.21761492	7.62985967	0.00000000
8.17450572	7.60913557	0.00000000
8.13149982	7.58839926	0.00000000
8.08859734	7.56765090	0.00000000
8.04579837	7.54689063	0.00000000
8.00310302	7.52611861	0.00000000
7.96051139	7.50533498	0.00000000
7.91802361	7.48453963	0.00000000
7.87563975	7.46373178	0.00000000
7.83335994	7.44294372	0.00000000
7.79118428	7.42214635	0.00000000
7.74911286	7.40133804	0.00000000
7.70714580	7.38051896	0.00000000
7.66528320	7.35968925	0.00000000
7.62352516	7.33884907	0.00000000
7.58187178	7.31799856	0.00000000
7.54032317	7.29713789	0.00000000
7.49887943	7.27626719	0.00000000
7.45754066	7.25538638	0.00000000
7.41630697	7.23452389	0.00000000
7.37517845	7.21368503	0.00000000
7.33415521	7.19283659	0.00000000
7.29323735	7.17197871	0.00000000
7.25242497	7.15111154	0.00000000
7.21171817	7.13023525	0.00000000
7.17111705	7.10934998	0.00000000
7.13062172	7.08845588	0.00000000
7.09023226	7.06755311	0.00000000
7.04994879	7.04664182	0.00000000
7.00977140	7.02572117	0.00000000
6.96970019	7.00482235	0.00000000
6.92973526	6.98391634	0.00000000
6.88987670	6.96300235	0.00000000
6.85012462	6.94208052	0.00000000
6.81047912	6.92115101	0.00000000
6.77094029	6.90021398	0.00000000
6.73150823	6.87926957	0.00000000
6.69218304	6.85831795	0.00000000
6.65296481	6.83735926	0.00000000
6.61385364	6.81639251	0.00000000
6.57484963	6.79544518	0.00000000
6.53595288	6.77452535	0.00000000
6.49716348	6.75359891	0.00000000
6.45848152	6.73266601	0.00000000
6.41990710	6.71172682	0.00000000
6.38144032	6.69078147	0.00000000
6.34308128	6.66983014	0.00000000
6.30483006	6.64887297	0.00000000
6.26668676	6.62790946	0.00000000
6.22865148	6.60693910	0.00000000
6.19072431	6.58596337	0.00000000
6.15290534	6.56500878	0.00000000
6.11519466	6.54405315	0.00000000
6.07759238	6.52309256	0.00000000
6.04009858	6.50212714	0.00000000
6.00271336	6.48115707	0.00000000
5.96543680	6.46018250	0.00000000
5.92826900	6.43920242	0.00000000
5.89121005	6.41821716	0.00000000
5.85426005	6.39722785	0.00000000
5.81741908	6.37623466	0.00000000
5.78068724	6.35525969	0.00000000
5.74406461	6.33434631	0.00000000
5.70755129	6.31342930	0.00000000
5.67114736	6.29250882	0.00000000
5.63485292	6.27158436	0.00000000
5.59866806	6.25065499	0.00000000
5.56259286	6.22972262	0.00000000
5.52662742	6.20878740	0.00000000
5.49077182	6.18784949	0.00000000
5.45502615	6.16690905	0.00000000
5.41939051	6.14596625	0.00000000
5.38386497	6.12503800	0.00000000
5.34844963	6.10411881	0.00000000
5.31314457	6.08319632	0.00000000
5.27794988	6.06227205	0.00000000
5.24286565	6.04134616	0.00000000
5.20789196	6.02041882	0.00000000
5.17302891	5.99949018	0.00000000
5.13827657	5.97856041	0.00000000
5.10363503	5.95762921	0.00000000
5.06910438	5.93669496	0.00000000
5.03468471	5.91576005	0.00000000
5.00037609	5.89487136	0.00000000
4.96617862	5.87399112	0.00000000
4.93209238	5.85311061	0.00000000
4.89811744	5.83222997	0.00000000
4.86425390	5.81134865	0.00000000
4.83050185	5.79046527	0.00000000
4.79686135	5.76958226	0.00000000
4.76333250	5.74869977	0.00000000
4.72991538	5.72781798	0.00000000
4.69661007	5.70693705	0.00000000
4.66341666	5.68605921	0.00000000
4.63033521	5.66523285	0.00000000
4.59736583	5.64440628	0.00000000
4.56450859	5.62358113	0.00000000
4.53176356	5.60275757	0.00000000
4.49913084	5.58193575	0.00000000
4.46661049	5.56111586	0.00000000
4.43420261	5.54029681	0.00000000
4.40190727	5.51947787	0.00000000
4.36972455	5.49866134	0.00000000
4.33765454	5.47784739	0.00000000
4.30569730	5.45704452	0.00000000
4.27385292	5.43628874	0.00000000
4.24212148	5.41553472	0.00000000
4.21050305	5.39478138	0.00000000
4.17899772	5.37403138	0.00000000
4.14760556	5.35328489	0.00000000
4.11632665	5.33254208	0.00000000
4.08516107	5.31180313	0.00000000
4.05410889	5.29106588	0.00000000
4.02317019	5.27033134	0.00000000
3.99234505	5.24960116	0.00000000
3.96163354	5.22890092	0.00000000
3.93103574	5.20830619	0.00000000
3.90055172	5.18771575	0.00000000
3.87018157	5.16712614	0.00000000
3.83992534	5.14654144	0.00000000
3.80978313	5.12596184	0.00000000
3.77975500	5.10538750	0.00000000
3.74984103	5.08481862	0.00000000
3.72004129	5.06425202	0.00000000
3.69035586	5.04369027	0.00000000
3.66078480	5.02313448	0.00000000
3.63132820	5.00260396	0.00000000
3.60198612	4.98218329	0.00000000
3.57275864	4.96176616	0.00000000
3.54364583	4.94135345	0.00000000
3.51464776	4.92094727	0.00000000
3.48576450	4.90054779	0.00000000
3.45699613	4.88015521	0.00000000
3.42834271	4.85976722	0.00000000
3.39980432	4.83938432	0.00000000
3.37138102	4.81900886	0.00000000
3.34307289	4.79864100	0.00000000
3.31488000	4.77829110	0.00000000
3.28680241	4.75812732	0.00000000
3.25884020	4.73796891	0.00000000
3.23099343	4.71781832	0.00000000
3.20326218	4.69767575	0.00000000
3.17564651	4.67754141	0.00000000
3.14814649	4.65741143	0.00000000
3.12076218	4.63728898	0.00000000
3.09349366	4.61717530	0.00000000
3.06634100	4.59707060	0.00000000
3.03930425	4.57697473	0.00000000
3.01238350	4.55688336	0.00000000
2.98557879	4.53698470	0.00000000
2.95889020	4.51712180	0.00000000
2.93231780	4.49726824	0.00000000
2.90586166	4.47742163	0.00000000
2.87952182	4.45758187	0.00000000
2.85329837	4.43775203	0.00000000
2.82719137	4.41793234	0.00000000
2.80120087	4.39812300	0.00000000
2.77532695	4.37831890	0.00000000
2.74956967	4.35852525	0.00000000
2.72392909	4.33874256	0.00000000
2.69840528	4.31912945	0.00000000
2.67299830	4.29961685	0.00000000
2.64770821	4.28011205	0.00000000
2.62253507	4.26061830	0.00000000
2.59747895	4.24113584	0.00000000
2.57253990	4.22166412	0.00000000
2.54771800	4.20219889	0.00000000
2.52301330	4.18274558	0.00000000
2.49842585	4.16330443	0.00000000
2.47395574	4.14387566	0.00000000
2.44960300	4.12445452	0.00000000
2.42536771	4.10514003	0.00000000
2.40124992	4.08603363	0.00000000
2.37724969	4.06693967	0.00000000
2.35336709	4.04785466	0.00000000
2.32960217	4.02877990	0.00000000
2.30595498	4.00971829	0.00000000
2.28242560	3.99067007	0.00000000
2.25901407	3.97163271	0.00000000
2.23572045	3.95260547	0.00000000
2.21254481	3.93359234	0.00000000
2.18948719	3.91459359	0.00000000
2.16654766	3.89560736	0.00000000
2.14372628	3.87694367	0.00000000
2.12102309	3.85830869	0.00000000
2.09843816	3.83968822	0.00000000
2.07597153	3.82108018	0.00000000
2.05362328	3.80248249	0.00000000
2.03139344	3.78390011	0.00000000
2.00928208	3.76533334	0.00000000
1.98728925	3.74677946	0.00000000
1.96541501	3.72823747	0.00000000
1.94365941	3.70971190	0.00000000
1.92202250	3.69120307	0.00000000
1.90050433	3.67287667	0.00000000
1.87910497	3.65473731	0.00000000
1.85782446	3.63661462	0.00000000
1.83666285	3.61850894	0.00000000
1.81562020	3.60041464	0.00000000
1.79469656	3.58233615	0.00000000
1.77389197	3.56427560	0.00000000
1.75320651	3.54623290	0.00000000
1.73264020	3.52820127	0.00000000
1.71219311	3.51018853	0.00000000
1.69186528	3.49219506	0.00000000
1.67165677	3.47421794	0.00000000
1.65156763	3.45662926	0.00000000
1.63159789	3.43908524	0.00000000
1.61174762	3.42156090	0.00000000
1.59201687	3.40404942	0.00000000
1.57240567	3.38655699	0.00000000
1.55291409	3.36908535	0.00000000
1.53354216	3.35163177	0.00000000
1.51428994	3.33419410	0.00000000
1.49515747	3.31677838	0.00000000
1.47614480	3.29938507	0.00000000
1.45725199	3.28200599	0.00000000
1.43847906	3.26475190	0.00000000
1.41982608	3.24782855	0.00000000
1.40129308	3.23092260	0.00000000
1.38288011	3.21403651	0.00000000
1.36458723	3.19717448	0.00000000
1.34641446	3.18033335	0.00000000
1.32836186	3.16351105	0.00000000
1.31042948	3.14671422	0.00000000
1.29261735	3.12994134	0.00000000
1.27492553	3.11318681	0.00000000
1.25735405	3.09645925	0.00000000
1.23990295	3.07975817	0.00000000
1.22257229	3.06319995	0.00000000
1.20536210	3.04687000	0.00000000
1.18827243	3.03056768	0.00000000
1.17130332	3.01428427	0.00000000
1.15445481	2.99803037	0.00000000
1.13772693	2.98180530	0.00000000
1.12111975	2.96560101	0.00000000
1.10463329	2.94942803	0.00000000
1.08826759	2.93328437	0.00000000
1.07202270	2.91716423	0.00000000
1.05589865	2.90107729	0.00000000
1.03989549	2.88501938	0.00000000
1.02401325	2.86906214	0.00000000
1.00825198	2.85330908	0.00000000
0.99261171	2.83758354	0.00000000
0.97709249	2.82188951	0.00000000
0.96169434	2.80623230	0.00000000
0.94641732	2.79060061	0.00000000
0.93126144	2.77500632	0.00000000
0.91622677	2.75944720	0.00000000
0.90131332	2.74391845	0.00000000
0.88652114	2.72843034	0.00000000
0.87185026	2.71297377	0.00000000
0.85730072	2.69755547	0.00000000
0.84287256	2.68217750	0.00000000
0.82856582	2.66700731	0.00000000
0.81438051	2.65189066	0.00000000
0.80031669	2.63680881	0.00000000
0.78637439	2.62176904	0.00000000
0.77255364	2.60677190	0.00000000
0.75885447	2.59181224	0.00000000
0.74527693	2.57690170	0.00000000
0.73182103	2.56202643	0.00000000
0.71848683	2.54720134	0.00000000
0.70527434	2.53241806	0.00000000
0.69218360	2.51768202	0.00000000
0.67921465	2.50299381	0.00000000
0.66636751	2.48837221	0.00000000
0.65364222	2.47387201	0.00000000
0.64103881	2.45941499	0.00000000
0.62855731	2.44501637	0.00000000
0.61619775	2.43065979	0.00000000
0.60396016	2.41636415	0.00000000
0.59184457	2.40211438	0.00000000
0.57985102	2.38792603	0.00000000
0.56797952	2.37378689	0.00000000
0.55623012	2.35971045	0.00000000
0.54460284	2.34568580	0.00000000
0.53309770	2.33172613	0.00000000
0.52171475	2.31781998	0.00000000
0.51045399	2.30398296	0.00000000
0.49931547	2.29022095	0.00000000
0.48829921	2.27653121	0.00000000
0.47740524	2.26289661	0.00000000
0.46663358	2.24933686	0.00000000
0.45598427	2.23583655	0.00000000
0.44545732	2.22241098	0.00000000
0.43505276	2.20905145	0.00000000
0.42477062	2.19576493	0.00000000
0.41461093	2.18255253	0.00000000
0.40457370	2.16941019	0.00000000
0.39465898	2.15635073	0.00000000
0.38486676	2.14335882	0.00000000
0.37519710	2.13045146	0.00000000
0.36565000	2.11762016	0.00000000
0.35622548	2.10484193	0.00000000
0.34692359	2.09215345	0.00000000
0.33774433	2.07954227	0.00000000
0.32868773	2.06702101	0.00000000
0.31975381	2.05459222	0.00000000
0.31094259	2.04224466	0.00000000
0.30225410	2.02999407	0.00000000
0.29368836	2.01783998	0.00000000
0.28524538	2.00577314	0.00000000
0.27692520	1.99380796	0.00000000
0.26872782	1.98194596	0.00000000
0.26065327	1.97017720	0.00000000
0.25270158	1.95851332	0.00000000
0.24487275	1.94695776	0.00000000
0.23716681	1.93550738	0.00000000
0.22958378	1.92405793	0.00000000
0.22212367	1.91272315	0.00000000
0.21478651	1.90150482	0.00000000
0.20757232	1.89040463	0.00000000
0.20048110	1.87941442	0.00000000
0.19351288	1.86854675	0.00000000
0.18666768	1.85780359	0.00000000
0.17994551	1.84718695	0.00000000
0.17334639	1.83669886	0.00000000
0.16687033	1.82633793	0.00000000
0.16051736	1.81610670	0.00000000
0.15428748	1.80601114	0.00000000
0.14818072	1.79605352	0.00000000
0.14219708	1.78623617	0.00000000
0.13633659	1.77656147	0.00000000
0.13059925	1.76703187	0.00000000
0.12498508	1.75764984	0.00000000
0.11949410	1.74832873	0.00000000
0.11412631	1.73911855	0.00000000
0.10888174	1.73006519	0.00000000
0.10376039	1.72117140	0.00000000
0.09876228	1.71244002	0.00000000
0.09388742	1.70387395	0.00000000
0.08913582	1.69547618	0.00000000
0.08450750	1.68724977	0.00000000
0.08000246	1.67919786	0.00000000
0.07562071	1.67132369	0.00000000
0.07136227	1.66363055	0.00000000
0.06722715	1.65612157	0.00000000
0.06321536	1.64879056	0.00000000
0.05932690	1.64164973	0.00000000
0.05556179	1.63470273	0.00000000
0.05192004	1.62795329	0.00000000
0.04840165	1.62139848	0.00000000
0.04500663	1.61503889	0.00000000
0.04173500	1.60888712	0.00000000
0.03858676	1.60294456	0.00000000
0.03556192	1.59719969	0.00000000
0.03266048	1.59167357	0.00000000
0.02988245	1.58635960	0.00000000
0.02722785	1.58125844	0.00000000
0.02469667	1.57638394	0.00000000
0.02228892	1.57161924	0.00000000
0.02000462	1.56708228	0.00000000
0.01784375	1.56276169	0.00000000
0.01580634	1.55868719	0.00000000
0.01389238	1.55483695	0.00000000
0.01210188	1.55123133	0.00000000
0.01043484	1.54786460	0.00000000
0.00889127	1.54473443	0.00000000
0.00747117	1.54185465	0.00000000
0.00617455	1.53921682	0.00000000
0.00500140	1.53682100	0.00000000
0.00395174	1.53467736	0.00000000
0.00302556	1.53278589	0.00000000
0.00222287	1.39776153	0.00000000
0.00154366	0.97066992	0.00000000
0.00098794	0.62122990	0.00000000
0.00055572	0.34944232	0.00000000
0.00024699	0.15530786	0.00000000
0.00006175	0.03882699	0.00000000
0.00000000	0.00000000	0.00000000
0.00006175	-0.00003216	0.00000000
0.00024699	-0.00012862	0.00000000
0.00055572	-0.00028941	0.00000000
0.00098794	-0.00051450	0.00000000
0.00154366	-0.00080390	0.00000000
0.00222287	-0.00115762	0.00000000
0.00302556	-0.00157564	0.00000000
0.00395174	-0.00205797	0.00000000
0.00500140	-0.00260461	0.00000000
0.00617455	-0.00330646	0.00000000
0.00747117	-0.00411481	0.00000000
0.00889127	-0.00500013	0.00000000
0.01043484	-0.00596527	0.00000000
0.01210188	-0.00706408	0.00000000
0.01389238	-0.00824427	0.00000000
0.01580634	-0.00951828	0.00000000
0.01784375	-0.01091540	0.00000000
0.02000462	-0.01239718	0.00000000
0.02228892	-0.01400480	0.00000000
0.02469667	-0.01570476	0.00000000
0.02722785	-0.01752569	0.00000000
0.02988245	-0.01944281	0.00000000
0.03266048	-0.02148452	0.00000000
0.03556192	-0.02362673	0.00000000
0.03858676	-0.02588417	0.00000000
0.04173500	-0.02825365	0.00000000
0.04500663	-0.03073059	0.00000000
0.04840165	-0.03332162	0.00000000
0.05192004	-0.03602555	0.00000000
0.05556179	-0.03883859	0.00000000
0.05932690	-0.04176148	0.00000000
0.06321536	-0.04479438	0.00000000
0.06722715	-0.04793920	0.00000000
0.07136227	-0.05119213	0.00000000
0.07562071	-0.05455259	0.00000000
0.08000246	-0.05801981	0.00000000
0.08450750	-0.06159280	0.00000000
0.08913582	-0.06527043	0.00000000
0.09388742	-0.06905121	0.00000000
0.09876228	-0.07292806	0.00000000
0.10376039	-0.07690042	0.00000000
0.10888174	-0.08097021	0.00000000
0.11412631	-0.08513579	0.00000000
0.11949410	-0.08939546	0.00000000
0.12498508	-0.09374710	0.00000000
0.13059925	-0.09818938	0.00000000
0.13633659	-0.10272063	0.00000000
0.14219708	-0.10733916	0.00000000
0.14818072	-0.11204192	0.00000000
0.15428748	-0.11682714	0.00000000
0.16051736	-0.12169395	0.00000000
0.16687033	-0.12663934	0.00000000
0.17334639	-0.13166011	0.00000000
0.17994551	-0.13675671	0.00000000
0.18666768	-0.14192385	0.00000000
0.19351288	-0.14714318	0.00000000
0.20048110	-0.15241187	0.00000000
0.20757232	-0.15774341	0.00000000
0.21478651	-0.16313768	0.00000000
0.22212367	-0.16858977	0.00000000
0.22958378	-0.17410003	0.00000000
0.23716681	-0.17966438	0.00000000
0.24487275	-0.18528113	0.00000000
0.25270158	-0.19094961	0.00000000
0.26065327	-0.19666349	0.00000000
0.26872782	-0.20242540	0.00000000
0.27692520	-0.20822999	0.00000000
0.28524538	-0.21407501	0.00000000
0.29368836	-0.21991150	0.00000000
0.30225410	-0.22576192	0.00000000
0.31094259	-0.23164432	0.00000000
0.31975381	-0.23755938	0.00000000
0.32868773	-0.24350486	0.00000000
0.33774433	-0.24947532	0.00000000
0.34692359	-0.25547108	0.00000000
0.35622548	-0.26149099	0.00000000
0.36565000	-0.26753295	0.00000000
0.37519710	-0.27359492	0.00000000
0.38486676	-0.27967220	0.00000000
0.39465898	-0.28573485	0.00000000
0.40457370	-0.29176098	0.00000000
0.41461093	-0.29779861	0.00000000
0.42477062	-0.30384590	0.00000000
0.43505276	-0.30990112	0.00000000
0.44545732	-0.31596255	0.00000000
0.45598427	-0.32202852	0.00000000
0.46663358	-0.32809630	0.00000000
0.47740524	-0.33416548	0.00000000
0.48829921	-0.34023469	0.00000000
0.49931547	-0.34630239	0.00000000
0.51045399	-0.35227055	0.00000000
0.52171475	-0.35822213	0.00000000
0.53309770	-0.36416693	0.00000000
0.54460284	-0.37010365	0.00000000
0.55623012	-0.37603099	0.00000000
0.56797952	-0.38194772	0.00000000
0.57985102	-0.38785264	0.00000000
0.59184457	-0.39374458	0.00000000
0.60396016	-0.39962240	0.00000000
0.61619775	-0.40548497	0.00000000
0.62855731	-0.41121490	0.00000000
0.64103881	-0.41691824	0.00000000
0.65364222	-0.42260177	0.00000000
0.66636751	-0.42826409	0.00000000
0.67921465	-0.43390494	0.00000000
0.69218360	-0.43952344	0.00000000
0.70527434	-0.44511871	0.00000000
0.71848683	-0.45068990	0.00000000
0.73182103	-0.45623621	0.00000000
0.74527693	-0.46170242	0.00000000
0.75885447	-0.46702177	0.00000000
0.77255364	-0.47231241	0.00000000
0.78637439	-0.47757361	0.00000000
0.80031669	-0.48280275	0.00000000
0.81438051	-0.48800080	0.00000000
0.82856582	-0.49316729	0.00000000
0.84287256	-0.49830160	0.00000000
0.85730072	-0.50340312	0.00000000
0.87185026	-0.50847123	0.00000000
0.88652114	-0.51335116	0.00000000
0.90131332	-0.51817964	0.00000000
0.91622677	-0.52297095	0.00000000
0.93126144	-0.52772512	0.00000000
0.94641732	-0.53244165	0.00000000
0.96169434	-0.53712006	0.00000000
0.97709249	-0.54175987	0.00000000
0.99261171	-0.54635906	0.00000000
1.00825198	-0.55091748	0.00000000
1.02401325	-0.55529455	0.00000000
1.03989549	-0.55956050	0.00000000
1.05589865	-0.56378377	0.00000000
1.07202270	-0.56796398	0.00000000
1.08826759	-0.57209790	0.00000000
1.10463329	-0.57618789	0.00000000
1.12111975	-0.58023369	0.00000000
1.13772693	-0.58423497	0.00000000
1.15445481	-0.58819141	0.00000000
1.17130332	-0.59197844	0.00000000
1.18827243	-0.59561237	0.00000000
1.20536210	-0.59919837	0.00000000
1.22257229	-0.60273613	0.00000000
1.23990295	-0.60622538	0.00000000
1.25735405	-0.60966337	0.00000000
1.27492553	-0.61305168	0.00000000
1.29261735	-0.61639068	0.00000000
1.31042948	-0.61968015	0.00000000
1.32836186	-0.62282863	0.00000000
1.34641446	-0.62581660	0.00000000
1.36458723	-0.62875242	0.00000000
1.38288011	-0.63163590	0.00000000
1.40129308	-0.63446681	0.00000000
1.41982608	-0.63724384	0.00000000
1.43847906	-0.63996589	0.00000000
1.45725199	-0.64263483	0.00000000
1.47614480	-0.64525048	0.00000000
1.49515747	-0.64775323	0.00000000
1.51428994	-0.65012321	0.00000000
1.53354216	-0.65243773	0.00000000
1.55291409	-0.65469698	0.00000000
1.57240567	-0.65690084	0.00000000
1.59201687	-0.65904807	0.00000000
1.61174762	-0.66113761	0.00000000
1.63159789	-0.66317140	0.00000000
1.65156763	-0.66514934	0.00000000
1.67165677	-0.66702774	0.00000000
1.69186528	-0.66879339	0.00000000
1.71219311	-0.67050189	0.00000000
1.73264020	-0.67215316	0.00000000
1.75320651	-0.67374713	0.00000000
1.77389197	-0.67528203	0.00000000
1.79469656	-0.67675811	0.00000000
1.81562020	-0.67817670	0.00000000
1.83666285	-0.67953775	0.00000000
1.85782446	-0.68082798	0.00000000
1.87910497	-0.68204435	0.00000000
1.90050433	-0.68320273	0.00000000
1.92202250	-0.68430309	0.00000000
1.94365941	-0.68534540	0.00000000
1.96541501	-0.68632731	0.00000000
1.98728925	-0.68725055	0.00000000
2.00928208	-0.68811571	0.00000000
2.03139344	-0.68892280	0.00000000
2.05362328	-0.68968009	0.00000000
2.07597153	-0.69038765	0.00000000
2.09843816	-0.69103725	0.00000000
2.12102309	-0.69162893	0.00000000
2.14372628	-0.69216270	0.00000000
2.16654766	-0.69263600	0.00000000
2.18948719	-0.69305129	0.00000000
2.21254481	-0.69340877	0.00000000
2.23572045	-0.69370849	0.00000000
2.25901407	-0.69399030	0.00000000
2.28242560	-0.69425455	0.00000000
2.30595498	-0.69446189	0.00000000
2.32960217	-0.69461237	0.00000000
2.35336709	-0.69470606	0.00000000
2.37724969	-0.69474082	0.00000000
2.40124992	-0.69471859	0.00000000
2.42536771	-0.69463977	0.00000000
2.44960300	-0.69450445	0.00000000
2.47395574	-0.69439346	0.00000000
2.49842585	-0.69431385	0.00000000
2.52301330	-0.69417949	0.00000000
2.54771800	-0.69399047	0.00000000
2.57253990	-0.69374688	0.00000000
2.59747895	-0.69344806	0.00000000
2.62253507	-0.69309339	0.00000000
2.64770821	-0.69268447	0.00000000
2.67299830	-0.69222139	0.00000000
2.69840528	-0.69179467	0.00000000
2.72392909	-0.69144812	0.00000000
2.74956967	-0.69104849	0.00000000
2.77532695	-0.69059714	0.00000000
2.80120087	-0.69009418	0.00000000
2.82719137	-0.68953975	0.00000000
2.85329837	-0.68893384	0.00000000
2.87952182	-0.68827490	0.00000000
2.90586166	-0.68756486	0.00000000
2.93231780	-0.68688317	0.00000000
2.95889020	-0.68637235	0.00000000
2.98557879	-0.68581342	0.00000000
3.01238350	-0.68520573	0.00000000
3.03930425	-0.68454940	0.00000000
3.06634100	-0.68384540	0.00000000
3.09349366	-0.68309388	0.00000000
3.12076218	-0.68229498	0.00000000
3.14814649	-0.68144884	0.00000000
3.17564651	-0.68057290	0.00000000
3.20326218	-0.68000945	0.00000000
3.23099343	-0.67940243	0.00000000
3.25884020	-0.67875198	0.00000000
3.28680241	-0.67805826	0.00000000
3.31488000	-0.67732142	0.00000000
3.34307289	-0.67654158	0.00000000
3.37138102	-0.67571769	0.00000000
3.39980432	-0.67485116	0.00000000
3.42834271	-0.67394214	0.00000000
3.45699613	-0.67326401	0.00000000
3.48576450	-0.67263915	0.00000000
3.51464776	-0.67197531	0.00000000
3.54364583	-0.67127263	0.00000000
3.57275864	-0.67053041	0.00000000
3.60198612	-0.66974955	0.00000000
3.63132820	-0.66893036	0.00000000
3.66078480	-0.66807300	0.00000000
3.69035586	-0.66717763	0.00000000
3.72004129	-0.66635631	0.00000000
3.74984103	-0.66570098	0.00000000
3.77975500	-0.66501064	0.00000000
3.80978313	-0.66428479	0.00000000
3.83992534	-0.66352413	0.00000000
3.87018157	-0.66272897	0.00000000
3.90055172	-0.66189946	0.00000000
3.93103574	-0.66103578	0.00000000
3.96163354	-0.66013807	0.00000000
3.99234505	-0.65920652	0.00000000
4.02317019	-0.65850820	0.00000000
4.05410889	-0.65781136	0.00000000
4.08516107	-0.65708302	0.00000000
4.11632665	-0.65632363	0.00000000
4.14760556	-0.65553354	0.00000000
4.17899772	-0.65471291	0.00000000
4.21050305	-0.65386190	0.00000000
4.24212148	-0.65298066	0.00000000
4.27385292	-0.65206938	0.00000000
4.30569730	-0.65122621	0.00000000
4.33765454	-0.65052294	0.00000000
4.36972455	-0.64979210	0.00000000
4.40190727	-0.64903364	0.00000000
4.43420261	-0.64824763	0.00000000
4.46661049	-0.64743454	0.00000000
4.49913084	-0.64659452	0.00000000
4.53176356	-0.64572773	0.00000000
4.56450859	-0.64483433	0.00000000
4.59736583	-0.64391448	0.00000000
4.63033521	-0.64315149	0.00000000
4.66341666	-0.64241187	0.00000000
4.69661007	-0.64164795	0.00000000
4.72991538	-0.64085988	0.00000000
4.76333250	-0.64004782	0.00000000
4.79686135	-0.63921166	0.00000000
4.83050185	-0.63835169	0.00000000
4.86425390	-0.63746820	0.00000000
4.89811744	-0.63656134	0.00000000
4.93209238	-0.63566602	0.00000000
4.96617862	-0.63490750	0.00000000
5.00037609	-0.63412744	0.00000000
5.03468471	-0.63332598	0.00000000
5.06910438	-0.63250327	0.00000000
5.10363503	-0.63165947	0.00000000
5.13827657	-0.63079473	0.00000000
5.17302891	-0.62990919	0.00000000
5.20789196	-0.62900301	0.00000000
5.24286565	-0.62807610	0.00000000
5.27794988	-0.62722578	0.00000000
5.31314457	-0.62643677	0.00000000
5.34844963	-0.62562892	0.00000000
5.38386497	-0.62480237	0.00000000
5.41939051	-0.62395728	0.00000000
5.45502615	-0.62309379	0.00000000
5.49077182	-0.62221204	0.00000000
5.52662742	-0.62131218	0.00000000
5.56259286	-0.62039436	0.00000000
5.59866806	-0.61945872	0.00000000
5.63485292	-0.61861082	0.00000000
5.67114736	-0.61775564	0.00000000
5.70755129	-0.61688360	0.00000000
5.74406461	-0.61599503	0.00000000
5.78068724	-0.61509011	0.00000000
5.81741908	-0.61416898	0.00000000
5.85426005	-0.61323179	0.00000000
5.89121005	-0.61227867	0.00000000
5.92826900	-0.61130976	0.00000000
5.96543680	-0.61035998	0.00000000
6.00271336	-0.60947929	0.00000000
6.04009858	-0.60858398	0.00000000
6.07759238	-0.60767420	0.00000000
6.11519466	-0.60675007	0.00000000
6.15290534	-0.60581165	0.00000000
6.19072431	-0.60485904	0.00000000
6.22865148	-0.60389252	0.00000000
6.26668676	-0.60291221	0.00000000
6.30483006	-0.60191825	0.00000000
6.34308128	-0.60094578	0.00000000
6.38144032	-0.59997499	0.00000000
6.41990710	-0.59899127	0.00000000
6.45848152	-0.59799475	0.00000000
6.49716348	-0.59698556	0.00000000
6.53595288	-0.59596383	0.00000000
6.57484963	-0.59492962	0.00000000
6.61385364	-0.59388302	0.00000000
6.65296481	-0.59282430	0.00000000
6.69218304	-0.59176160	0.00000000
6.73150823	-0.59073090	0.00000000
6.77094029	-0.58968878	0.00000000
6.81047912	-0.58863535	0.00000000
6.85012462	-0.58757077	0.00000000
6.88987670	-0.58649514	0.00000000
6.92973526	-0.58540862	0.00000000
6.96970019	-0.58431121	0.00000000
7.00977140	-0.58320309	0.00000000
7.04994879	-0.58208445	0.00000000
7.09023226	-0.58099034	0.00000000
7.13062172	-0.57990498	0.00000000
7.17111705	-0.57880979	0.00000000
7.21171817	-0.57770492	0.00000000
7.25242497	-0.57659048	0.00000000
7.29323735	-0.57546660	0.00000000
7.33415521	-0.57433334	0.00000000
7.37517845	-0.57319082	0.00000000
7.41630697	-0.57203925	0.00000000
7.45754066	-0.57088394	0.00000000
7.49887943	-0.56974297	0.00000000
7.54032317	-0.56859347	0.00000000
7.58187178	-0.56743558	0.00000000
7.62352516	-0.56626943	0.00000000
7.66528320	-0.56509513	0.00000000
7.70714580	-0.56391269	0.00000000
7.74911286	-0.56272235	0.00000000
7.79118428	-0.56152425	0.00000000
7.83335994	-0.56031851	0.00000000
7.87563975	-0.55916916	0.00000000
7.91802361	-0.55803412	0.00000000
7.96051139	-0.55689226	0.00000000
8.00310302	-0.55574371	0.00000000
8.04579837	-0.55458849	0.00000000
8.08859734	-0.55342681	0.00000000
8.13149982	-0.55225880	0.00000000
8.17450572	-0.55108459	0.00000000
8.21761492	-0.54990429	0.00000000
8.26082731	-0.54872848	0.00000000
8.30414280	-0.54756642	0.00000000
8.34756127	-0.54639879	0.00000000
8.39108261	-0.54522565	0.00000000
8.43470673	-0.54404718	0.00000000
8.47843350	-0.54286351	0.00000000
8.52226283	-0.54167476	0.00000000
8.56619461	-0.54048105	0.00000000
8.61022872	-0.53928250	0.00000000
8.65436505	-0.53807922	0.00000000
8.69860351	-0.53692993	0.00000000
8.74294397	-0.53577825	0.00000000
8.78738633	-0.53462251	0.00000000
8.83193049	-0.53346283	0.00000000
8.87657632	-0.53229932	0.00000000
8.92132372	-0.53113211	0.00000000
8.96617258	-0.52996131	0.00000000
9.01112279	-0.52878703	0.00000000
9.05617424	-0.52760938	0.00000000
9.10132681	-0.52644784	0.00000000
9.14658040	-0.52529550	0.00000000
9.19193489	-0.52414032	0.00000000
9.23739017	-0.52298241	0.00000000
9.28294613	-0.52182189	0.00000000
9.32860265	-0.52065888	0.00000000
9.37435963	-0.51949349	0.00000000
9.42021695	-0.51832585	0.00000000
9.46617449	-0.51715607	0.00000000
9.51223215	-0.51600141	0.00000000
9.55838981	-0.51489047	0.00000000
9.60464735	-0.51377803	0.00000000
9.65100466	-0.51266421	0.00000000
9.69746163	-0.51154916	0.00000000
9.74401815	-0.51043296	0.00000000
9.79067409	-0.50931573	0.00000000
9.83742934	-0.50819758	0.00000000
9.88428379	-0.50707863	0.00000000
9.93123732	-0.50595899	0.00000000
9.97828981	-0.50486972	0.00000000
10.02544115	-0.50378216	0.00000000
10.07269122	-0.50269442	0.00000000
10.12003991	-0.50160660	0.00000000
10.16748710	-0.50051883	0.00000000
10.21503267	-0.49943121	0.00000000
10.26267650	-0.49834386	0.00000000
10.31041848	-0.49725692	0.00000000
10.35825848	-0.49617054	0.00000000
10.40619640	-0.49510508	0.00000000
10.45423211	-0.49405298	0.00000000
10.50236549	-0.49300187	0.00000000
10.55059642	-0.49195187	0.00000000
10.59892479	-0.49090309	0.00000000
10.64735048	-0.48985569	0.00000000
10.69587336	-0.48880981	0.00000000
10.74449331	-0.48776550	0.00000000
10.79321023	-0.48672287	0.00000000
10.84202397	-0.48570189	0.00000000
10.89093444	-0.48472967	0.00000000
10.93994150	-0.48375976	0.00000000
10.98904503	-0.48279235	0.00000000
11.03824491	-0.48182755	0.00000000
11.08754102	-0.48086541	0.00000000
11.13693325	-0.47990604	0.00000000
11.18642146	-0.47894956	0.00000000
11.23600553	-0.47799608	0.00000000
11.28568534	-0.47704572	0.00000000
11.33546078	-0.47609969	0.00000000
11.38533171	-0.47515709	0.00000000
11.43529802	-0.47421796	0.00000000
11.48535957	-0.47328241	0.00000000
11.53551625	-0.47235056	0.00000000
11.58576793	-0.47142251	0.00000000
11.63611449	-0.47049840	0.00000000
11.68655581	-0.46957851	0.00000000
11.73709175	-0.46866279	0.00000000
11.78772220	-0.46777472	0.00000000
11.83844703	-0.46690272	0.00000000
11.88926611	-0.46603537	0.00000000
11.94017932	-0.46517278	0.00000000
11.99118653	-0.46431512	0.00000000
12.04228762	-0.46346263	0.00000000
12.09348246	-0.46261525	0.00000000
12.14477093	-0.46177311	0.00000000
12.19615289	-0.46093631	0.00000000
12.24762822	-0.46010539	0.00000000
12.29919680	-0.45928075	0.00000000
12.35085849	-0.45846194	0.00000000
12.40261317	-0.45764907	0.00000000
12.45446071	-0.45684213	0.00000000
12.50640099	-0.45604126	0.00000000
12.55843386	-0.45524657	0.00000000
12.61055922	-0.45445817	0.00000000
12.66277692	-0.45367618	0.00000000
12.71508684	-0.45290336	0.00000000
12.76748885	-0.45217176	0.00000000
12.81998281	-0.45144708	0.00000000
12.87256861	-0.45072943	0.00000000
12.92524611	-0.45001893	0.00000000
12.97801518	-0.44931570	0.00000000
13.03087568	-0.44861998	0.00000000
13.08382750	-0.44793195	0.00000000
13.13687049	-0.44725155	0.00000000
13.19000453	-0.44657891	0.00000000
13.24322949	-0.44588625	0.00000000
13.29654523	-0.44519353	0.00000000
13.34995162	-0.44450880	0.00000000
13.40344854	-0.44383246	0.00000000
13.45703584	-0.44316439	0.00000000
13.51071340	-0.44250468	0.00000000
13.56448109	-0.44185345	0.00000000
13.61833876	-0.44121083	0.00000000
13.67228629	-0.44057695	0.00000000
13.72632355	-0.43995266	0.00000000
13.78045040	-0.43933813	0.00000000
13.83466670	-0.43873271	0.00000000
13.88897233	-0.43813654	0.00000000
13.94336715	-0.43754973	0.00000000
13.99785103	-0.43697242	0.00000000
14.05242382	-0.43640477	0.00000000
14.10708540	-0.43584720	0.00000000
14.16183564	-0.43529951	0.00000000
14.21667438	-0.43476211	0.00000000
14.27160151	-0.43423577	0.00000000
14.32661688	-0.43371971	0.00000000
14.38172036	-0.43321405	0.00000000
14.43691182	-0.43271927	0.00000000
14.49219111	-0.43223522	0.00000000
14.54755809	-0.43176198	0.00000000
14.60301265	-0.43129967	0.00000000
14.65855462	-0.43084844	0.00000000
14.71418389	-0.43040842	0.00000000
14.76990031	-0.42994373	0.00000000
14.82570374	-0.42948959	0.00000000
14.88159405	-0.42904694	0.00000000
14.93757109	-0.42861593	0.00000000
14.99363474	-0.42819668	0.00000000
15.04978485	-0.42778934	0.00000000
15.10602127	-0.42739431	0.00000000
15.16234389	-0.42701167	0.00000000
15.21875254	-0.42664136	0.00000000
15.27524711	-0.42625570	0.00000000
15.33182743	-0.42587246	0.00000000
15.38849339	-0.42550187	0.00000000
15.44524483	-0.42514433	0.00000000
15.50208161	-0.42479995	0.00000000
15.55900360	-0.42446865	0.00000000
15.61601066	-0.42415059	0.00000000
15.67310264	-0.42384592	0.00000000
15.73027940	-0.42355479	0.00000000
15.78754080	-0.42327826	0.00000000
15.84488671	-0.42301634	0.00000000
15.90231697	-0.42276844	0.00000000
15.95983145	-0.42253470	0.00000000
16.01743001	-0.42231528	0.00000000
16.07511249	-0.42211034	0.00000000
16.13287877	-0.42192049	0.00000000
16.19072869	-0.42174556	0.00000000
16.24866212	-0.42158560	0.00000000
16.30667891	-0.42141677	0.00000000
16.36477892	-0.42120746	0.00000000
16.42296201	-0.42101338	0.00000000
16.48122802	-0.42083527	0.00000000
16.53957682	-0.42067272	0.00000000
16.59800827	-0.42052592	0.00000000
16.65652221	-0.42039504	0.00000000
16.71511851	-0.42028026	0.00000000
16.77379701	-0.42018199	0.00000000
16.83255758	-0.42010070	0.00000000
16.89140007	-0.42003704	0.00000000
16.95032434	-0.41999022	0.00000000
17.00933023	-0.41996043	0.00000000
17.06841760	-0.41994786	0.00000000
17.12758631	-0.41995326	0.00000000
17.18683622	-0.41997641	0.00000000
17.24616716	-0.42001739	0.00000000
17.30557901	-0.42007639	0.00000000
17.36507160	-0.42015363	0.00000000
17.42464480	-0.42021069	0.00000000
17.48429846	-0.42028443	0.00000000
17.54403242	-0.42037693	0.00000000
17.60384655	-0.42048840	0.00000000
17.66374069	-0.42061908	0.00000000
17.72371470	-0.42076918	0.00000000
17.78376842	-0.42093964	0.00000000
17.84390172	-0.42113008	0.00000000
17.90411444	-0.42134067	0.00000000
17.96440643	-0.42153898	0.00000000
18.02477754	-0.42174916	0.00000000
18.08522763	-0.42198060	0.00000000
18.14575655	-0.42223344	0.00000000
18.20636414	-0.42250760	0.00000000
18.26705025	-0.42280337	0.00000000
18.32781474	-0.42312101	0.00000000
18.38865746	-0.42346114	0.00000000
18.44957826	-0.42382432	0.00000000
18.51057698	-0.42421098	0.00000000
18.57165347	-0.42462109	0.00000000
18.63280759	-0.42505463	0.00000000
18.69403918	-0.42551217	0.00000000
18.75534809	-0.42599457	0.00000000
18.81673418	-0.42650145	0.00000000
18.87819728	-0.42703318	0.00000000
18.93973725	-0.42759016	0.00000000
19.00135393	-0.42817303	0.00000000
19.06304718	-0.42875822	0.00000000
19.12481683	-0.42935115	0.00000000
19.18666275	-0.42997091	0.00000000
19.24858476	-0.43061798	0.00000000
19.31058274	-0.43129327	0.00000000
19.37265651	-0.43199769	0.00000000
19.43480592	-0.43273103	0.00000000
19.49703083	-0.43349390	0.00000000
19.55933107	-0.43428692	0.00000000
19.62170650	-0.43511201	0.00000000
19.68415696	-0.43596978	0.00000000
19.74668230	-0.43685994	0.00000000
19.80928236	-0.43778334	0.00000000
19.87195699	-0.43874092	0.00000000
19.93470602	-0.43973521	0.00000000
19.99752932	-0.44076605	0.00000000
20.06042672	-0.44183469	0.00000000
20.12339806	-0.44294263	0.00000000
20.18644320	-0.44407021	0.00000000
20.24956197	-0.44521953	0.00000000
20.31275422	-0.44641471	0.00000000
20.37601979	-0.44765914	0.00000000
20.43935854	-0.44895821	0.00000000
20.50277029	-0.45032048	0.00000000
20.56625490	-0.45175633	0.00000000
20.62981220	-0.45329612	0.00000000
20.69344205	-0.45501260	0.00000000
20.75714427	-0.45667654	0.00000000
20.82091873	-0.45831749	0.00000000
20.88476525	-0.45996527	0.00000000
20.94868369	-0.46162924	0.00000000
21.01267387	-0.46331300	0.00000000
21.07673566	-0.46501854	0.00000000
21.14086888	-0.46674718	0.00000000
21.20507337	-0.46850046	0.00000000
21.26934899	-0.47027855	0.00000000
21.33369557	-0.47204840	0.00000000
21.39811295	-0.47383087	0.00000000
21.46260097	-0.47563884	0.00000000
21.52715948	-0.47747273	0.00000000
21.59178831	-0.47933186	0.00000000
21.65648730	-0.48121626	0.00000000
21.72125630	-0.48312591	0.00000000
21.78609515	-0.48506170	0.00000000
21.85100368	-0.48702279	0.00000000
21.91598173	-0.48897470	0.00000000
21.98102915	-0.49093926	0.00000000
22.04614577	-0.49292901	0.00000000
22.11133143	-0.49494432	0.00000000
22.17658598	-0.49698438	0.00000000
22.24190924	-0.49904914	0.00000000
22.30730107	-0.50113851	0.00000000
22.37276129	-0.50325298	0.00000000
22.43828974	-0.50539230	0.00000000
22.50388627	-0.50755660	0.00000000
22.56955072	-0.50974547	0.00000000
22.63528291	-0.51195854	0.00000000
22.70108269	-0.51419654	0.00000000
22.76694989	-0.51645874	0.00000000
22.83288436	-0.51874491	0.00000000
22.89888592	-0.52105498	0.00000000
22.96495443	-0.52338890	0.00000000
23.03108970	-0.52574745	0.00000000
23.09729158	-0.52809977	0.00000000
23.16355992	-0.53045898	0.00000000
23.22989453	-0.53284162	0.00000000
23.29629526	-0.53524779	0.00000000
23.36276195	-0.53767796	0.00000000
23.42929442	-0.54013135	0.00000000
23.49589253	-0.54260787	0.00000000
23.56255609	-0.54510747	0.00000000
23.62928495	-0.54763035	0.00000000
23.69607895	-0.55017675	0.00000000
23.76293791	-0.55274602	0.00000000
23.82986167	-0.55533810	0.00000000
23.89685007	-0.55795291	0.00000000
23.96390295	-0.56059069	0.00000000
24.03102012	-0.56325162	0.00000000
24.09820144	-0.56593508	0.00000000
24.16544673	-0.56864103	0.00000000
24.23275583	-0.57136939	0.00000000
24.30012857	-0.57407397	0.00000000
24.36756479	-0.57675215	0.00000000
24.43506432	-0.57945238	0.00000000
24.50262698	-0.58217461	0.00000000
24.57025263	-0.58491876	0.00000000
24.63794108	-0.58768507	0.00000000
24.70569217	-0.59047371	0.00000000
24.77350573	-0.59328410	0.00000000
24.84138161	-0.59611619	0.00000000
24.90931962	-0.59897006	0.00000000
24.97731960	-0.60184596	0.00000000
25.04538138	-0.60474394	0.00000000
25.11350480	-0.60766338	0.00000000
25.18168968	-0.61060423	0.00000000
25.24993587	-0.61356644	0.00000000
25.31824318	-0.61655010	0.00000000
25.38661145	-0.61955561	0.00000000
25.45504052	-0.62258231	0.00000000
25.52353020	-0.62563035	0.00000000
25.59208035	-0.62869998	0.00000000
25.66069077	-0.63179072	0.00000000
25.72936131	-0.63490310	0.00000000
25.79809180	-0.63803638	0.00000000
25.86688206	-0.64119053	0.00000000
25.93573193	-0.64436548	0.00000000
26.00464123	-0.64756119	0.00000000
26.07360980	-0.65077832	0.00000000
26.14263746	-0.65399868	0.00000000
26.21172405	-0.65715867	0.00000000
26.28086939	-0.66033903	0.00000000
26.35007332	-0.66353972	0.00000000
26.41933565	-0.66676130	0.00000000
26.48865623	-0.67000319	0.00000000
26.55803488	-0.67326525	0.00000000
26.62747143	-0.67654743	0.00000000
26.69696570	-0.67984968	0.00000000
26.76651753	-0.68316944	0.00000000
26.83612674	-0.68646293	0.00000000
26.90579317	-0.68977626	0.00000000
26.97551663	-0.69310936	0.00000000
27.04529697	-0.69646219	0.00000000
27.11513399	-0.69983505	0.00000000
27.18502754	-0.70322787	0.00000000
27.25497744	-0.70664027	0.00000000
27.32498352	-0.71007219	0.00000000
27.39504560	-0.71352359	0.00000000
27.46516351	-0.71699511	0.00000000
27.53533708	-0.72048652	0.00000000
27.60556614	-0.72399725	0.00000000
27.67585051	-0.72752725	0.00000000
27.74619001	-0.73107648	0.00000000
27.81658448	-0.73464492	0.00000000
27.88703374	-0.73823309	0.00000000
27.95753761	-0.74184033	0.00000000
28.02809593	-0.74546659	0.00000000
28.09870852	-0.74907112	0.00000000
28.16937519	-0.75268501	0.00000000
28.24009579	-0.75631823	0.00000000
28.31087013	-0.75997030	0.00000000
28.38169804	-0.76364105	0.00000000
28.45257935	-0.76733045	0.00000000
28.52351387	-0.77103843	0.00000000
28.59450144	-0.77476531	0.00000000
28.66554188	-0.77851095	0.00000000
28.73663501	-0.78220618	0.00000000
28.80778066	-0.78588719	0.00000000
28.87897865	-0.78958639	0.00000000
28.95022880	-0.79330391	0.00000000
29.02153095	-0.79703995	0.00000000
29.09288491	-0.80079403	0.00000000
29.16429051	-0.80456610	0.00000000
29.23574757	-0.80835610	0.00000000
29.30725591	-0.81216400	0.00000000
29.37881537	-0.81599051	0.00000000
29.45042575	-0.81983497	0.00000000
29.52208689	-0.82369717	0.00000000
29.59379861	-0.82757705	0.00000000
29.66556073	-0.83147456	0.00000000
29.73737307	-0.83539007	0.00000000
29.80923546	-0.83932328	0.00000000
29.88114771	-0.84327397	0.00000000
29.95310966	-0.84724208	0.00000000
30.02512112	-0.85120684	0.00000000
30.09718192	-0.85515856	0.00000000
30.16929187	-0.85912783	0.00000000
30.24145080	-0.86311426	0.00000000
30.31365853	-0.86711778	0.00000000
30.38591489	-0.87113836	0.00000000
30.45821969	-0.87517597	0.00000000
30.53057276	-0.87923105	0.00000000
30.60297391	-0.88330303	0.00000000
30.67542297	-0.88737834	0.00000000
30.74791976	-0.89143229	0.00000000
30.82046410	-0.89550292	0.00000000
30.89305581	-0.89959056	0.00000000
30.96569472	-0.90369493	0.00000000
31.03838063	-0.90781581	0.00000000
31.11111338	-0.91195315	0.00000000
31.18389278	-0.91610691	0.00000000
31.25671866	-0.92027721	0.00000000
31.32959082	-0.92445824	0.00000000
31.40250910	-0.92860947	0.00000000
31.47547332	-0.93277684	0.00000000
31.54848329	-0.93696030	0.00000000
31.62153883	-0.94115979	0.00000000
31.69463976	-0.94537576	0.00000000
31.76778591	-0.94960767	0.00000000
31.84097708	-0.95385545	0.00000000
31.91421311	-0.95811906	0.00000000
31.98749381	-0.96239843	0.00000000
32.06081899	-0.96669385	0.00000000
32.13418848	-0.97100517	0.00000000
32.20760210	-0.97533209	0.00000000
32.28105966	-0.97967456	0.00000000
32.35456099	-0.98403253	0.00000000
32.42810590	-0.98840600	0.00000000
32.50169421	-0.99279528	0.00000000
32.57532574	-0.99719990	0.00000000
32.64900030	-1.00161980	0.00000000
32.72271772	-1.00597027	0.00000000
32.79647781	-1.01031528	0.00000000
32.87028039	-1.01467561	0.00000000
32.94412528	-1.01905103	0.00000000
33.01801230	-1.02344134	0.00000000
33.09194126	-1.02784649	0.00000000
33.16591198	-1.03226641	0.00000000
33.23992428	-1.03670116	0.00000000
33.31397797	-1.04115094	0.00000000
33.38807288	-1.04558134	0.00000000
33.46220881	-1.05000736	0.00000000
33.53638559	-1.05444784	0.00000000
33.61060304	-1.05890270	0.00000000
33.68486096	-1.06337224	0.00000000
33.75915918	-1.06785618	0.00000000
33.83349751	-1.07235434	0.00000000
33.90787577	-1.07686666	0.00000000
33.98229378	-1.08139310	0.00000000
34.05675135	-1.08593366	0.00000000
34.13124830	-1.09048853	0.00000000
34.20578444	-1.09505734	0.00000000
34.28035959	-1.09964003	0.00000000
34.35497356	-1.10423655	0.00000000
34.42962618	-1.10884684	0.00000000
34.50431725	-1.11347117	0.00000000
34.57904660	-1.11810927	0.00000000
34.65381403	-1.12276096	0.00000000
34.72861937	-1.12739277	0.00000000
34.80346243	-1.13196470	0.00000000
34.87834301	-1.13655007	0.00000000
34.95326095	-1.14114902	0.00000000
35.02821605	-1.14576119	0.00000000
35.10320813	-1.15038650	0.00000000
35.17823700	-1.15502492	0.00000000
35.25330248	-1.15967638	0.00000000
35.32840439	-1.16434110	0.00000000
35.40354252	-1.16901885	0.00000000
35.47871672	-1.17370927	0.00000000
35.55392677	-1.17841249	0.00000000
35.62917251	-1.18312847	0.00000000
35.70445374	-1.18785719	0.00000000
35.77977028	-1.19259889	0.00000000
35.85512194	-1.19735315	0.00000000
35.93050853	-1.20211993	0.00000000
36.00592988	-1.20689916	0.00000000
36.08138579	-1.21169079	0.00000000
36.15687608	-1.21639070	0.00000000
36.23240055	-1.22109942	0.00000000
36.30795904	-1.22582026	0.00000000
36.38355134	-1.23055318	0.00000000
36.45917727	-1.23529810	0.00000000
36.53483664	-1.24005500	0.00000000
36.61052927	-1.24482414	0.00000000
36.68625497	-1.24960512	0.00000000
36.76201356	-1.25439786	0.00000000
36.83780484	-1.25920217	0.00000000
36.91362863	-1.26401809	0.00000000
36.98948474	-1.26884578	0.00000000
37.06537299	-1.27368519	0.00000000
37.14129318	-1.27853607	0.00000000
37.21724513	-1.28339836	0.00000000
37.29322866	-1.28827201	0.00000000
37.36924357	-1.29315694	0.00000000
37.44528967	-1.29805341	0.00000000
37.52136678	-1.30289436	0.00000000
37.59747472	-1.30770415	0.00000000
37.67361328	-1.31252491	0.00000000
37.74978229	-1.31735658	0.00000000
37.82598156	-1.32219920	0.00000000
37.90221089	-1.32705283	0.00000000
37.97847011	-1.33191719	0.00000000
38.05475902	-1.33679221	0.00000000
38.13107743	-1.34167783	0.00000000
38.20742515	-1.34655014	0.00000000
38.28380200	-1.35140228	0.00000000
38.36020779	-1.35626488	0.00000000
38.43664233	-1.36113781	0.00000000
38.51310543	-1.36602099	0.00000000
38.58959689	-1.37091437	0.00000000
38.66611654	-1.37581793	0.00000000
38.74266419	-1.38073183	0.00000000
38.81923964	-1.38565574	0.00000000
38.89584270	-1.39056148	0.00000000
38.97247319	-1.39539528	0.00000000
39.04913091	-1.40023884	0.00000000
39.12581568	-1.40509225	0.00000000
39.20252732	-1.40995544	0.00000000
39.27926561	-1.41482819	0.00000000
39.35603039	-1.41971046	0.00000000
39.43282146	-1.42460217	0.00000000
39.50963862	-1.42950327	0.00000000
39.58648170	-1.43441391	0.00000000
39.66335050	-1.43933313	0.00000000
39.74024482	-1.44426154	0.00000000
39.81716449	-1.44919909	0.00000000
39.89410931	-1.45414571	0.00000000
39.97107908	-1.45910145	0.00000000
40.04807363	-1.46406630	0.00000000
40.12509276	-1.46904004	0.00000000
40.20213627	-1.47402259	0.00000000
40.27920399	-1.47901390	0.00000000
40.35629572	-1.48391409	0.00000000
40.43341126	-1.48881251	0.00000000
40.51055043	-1.49371949	0.00000000
40.58771304	-1.49863491	0.00000000
40.66489890	-1.50355872	0.00000000
40.74210781	-1.50849084	0.00000000
40.81933959	-1.51343129	0.00000000
40.89659405	-1.51838012	0.00000000
40.97387099	-1.52333708	0.00000000
41.05117022	-1.52826135	0.00000000
41.12849155	-1.53317828	0.00000000
41.20583480	-1.53810313	0.00000000
41.28319977	-1.54303599	0.00000000
41.36058626	-1.54797672	0.00000000
41.43799409	-1.55292516	0.00000000
41.51542308	-1.55788126	0.00000000
41.59287301	-1.56284496	0.00000000
41.67034371	-1.56781622	0.00000000
41.74783499	-1.57276403	0.00000000
41.82534665	-1.57769402	0.00000000
41.90287849	-1.58263134	0.00000000
41.98043034	-1.58757590	0.00000000
42.05800199	-1.59252764	0.00000000
42.13559326	-1.59748665	0.00000000
42.21320395	-1.60245280	0.00000000
42.29083388	-1.60742595	0.00000000
42.36848284	-1.61240602	0.00000000
42.44615066	-1.61735042	0.00000000
42.52383713	-1.62223276	0.00000000
42.60154206	-1.62712199	0.00000000
42.67926527	-1.63201785	0.00000000
42.75700656	-1.63692027	0.00000000
42.83476575	-1.64182920	0.00000000
42.91254262	-1.64674456	0.00000000
42.99033701	-1.65166640	0.00000000
43.06814870	-1.65659465	0.00000000
43.14597752	-1.66150594	0.00000000
43.22382326	-1.66633494	0.00000000
43.30168574	-1.67117003	0.00000000
43.37956477	-1.67601113	0.00000000
43.45746015	-1.68085837	0.00000000
43.53537168	-1.68571149	0.00000000
43.61329918	-1.69057045	0.00000000
43.69124246	-1.69543516	0.00000000
43.76920132	-1.70030557	0.00000000
43.84717557	-1.70517992	0.00000000
43.92516501	-1.71000468	0.00000000
44.00316946	-1.71483492	0.00000000
44.08118872	-1.71967059	0.00000000
44.15922260	-1.72451161	0.00000000
44.23727091	-1.72935792	0.00000000
44.31533344	-1.73420961	0.00000000
44.39341002	-1.73906648	0.00000000
44.47150045	-1.74392845	0.00000000
44.54960453	-1.74879546	0.00000000
44.62772207	-1.75361839	0.00000000
44.70585288	-1.75843809	0.00000000
44.78399677	-1.76326273	0.00000000
44.86215354	-1.76809213	0.00000000
44.94032300	-1.77292622	0.00000000
45.01850496	-1.77776496	0.00000000
45.09669922	-1.78260826	0.00000000
45.17490559	-1.78745618	0.00000000
45.25312388	-1.79230857	0.00000000
45.33135389	-1.79708863	0.00000000
45.40959543	-1.80183815	0.00000000
45.48784831	-1.80659189	0.00000000
45.56611234	-1.81134982	0.00000000
45.64438731	-1.81611195	0.00000000
45.72267305	-1.82087812	0.00000000
45.80096935	-1.82564825	0.00000000
45.87927602	-1.83042229	0.00000000
45.95759286	-1.83520017	0.00000000
46.03591970	-1.83992417	0.00000000
46.11425632	-1.84459624	0.00000000
46.19260254	-1.84927193	0.00000000
46.27095816	-1.85395119	0.00000000
46.34932299	-1.85863395	0.00000000
46.42769684	-1.86332016	0.00000000
46.50607952	-1.86800984	0.00000000
46.58447082	-1.87270283	0.00000000
46.66287056	-1.87739907	0.00000000
46.74127854	-1.88207952	0.00000000
46.81969457	-1.88672524	0.00000000
46.89811846	-1.89137405	0.00000000
46.97655000	-1.89602589	0.00000000
47.05498902	-1.90068066	0.00000000
47.13343530	-1.90533828	0.00000000
47.21188867	-1.90999869	0.00000000
47.29034892	-1.91466182	0.00000000
47.36881587	-1.91932770	0.00000000
47.44728932	-1.92397854	0.00000000
47.52576906	-1.92853677	0.00000000
47.60425493	-1.93309746	0.00000000
47.68274670	-1.93766055	0.00000000
47.76124420	-1.94222601	0.00000000
47.83974724	-1.94679379	0.00000000
47.91825560	-1.95136378	0.00000000
47.99676911	-1.95593591	0.00000000
48.07528756	-1.96051013	0.00000000
48.15381077	-1.96508637	0.00000000
48.23233854	-1.96955327	0.00000000
48.31087068	-1.97401941	0.00000000
48.38940699	-1.97848737	0.00000000
48.46794727	-1.98295710	0.00000000
48.54649134	-1.98742853	0.00000000
48.62503900	-1.99190160	0.00000000
48.70359005	-1.99637630	0.00000000
48.78214431	-2.00085251	0.00000000
48.86070157	-2.00533017	0.00000000
48.93926165	-2.00971872	0.00000000
49.01782435	-2.01408606	0.00000000
49.09638948	-2.01845468	0.00000000
49.17495683	-2.02282452	0.00000000
49.25352623	-2.02719550	0.00000000
49.33209746	-2.03156756	0.00000000
49.41067035	-2.03594063	0.00000000
49.48924469	-2.04031465	0.00000000
49.56782030	-2.04468959	0.00000000
49.64639697	-2.04902981	0.00000000
49.72497452	-2.05334919	0.00000000
49.80355274	-2.05766928	0.00000000
49.88213145	-2.06199002	0.00000000
49.96071045	-2.06631134	0.00000000
50.03928955	-2.07063320	0.00000000
50.11786855	-2.07495550	0.00000000
50.19644726	-2.07927821	0.00000000
50.27502548	-2.08360124	0.00000000
50.35360303	-2.08784865	0.00000000
50.43217970	-2.09200045	0.00000000
50.51075531	-2.09615242	0.00000000
50.58932965	-2.10030450	0.00000000
50.66790254	-2.10445662	0.00000000
50.74647377	-2.10860873	0.00000000
50.82504317	-2.11276076	0.00000000
50.90361052	-2.11691265	0.00000000
50.98217565	-2.12106433	0.00000000
51.06073835	-2.12516934	0.00000000
51.13929843	-2.12914975	0.00000000
51.21785569	-2.13312981	0.00000000
51.29640995	-2.13710945	0.00000000
51.37496100	-2.14108861	0.00000000
51.45350866	-2.14506723	0.00000000
51.53205273	-2.14904526	0.00000000
51.61059301	-2.15302264	0.00000000
51.68912932	-2.15699930	0.00000000
51.76766146	-2.16096877	0.00000000
51.84618923	-2.16488332	0.00000000
51.92471244	-2.16879700	0.00000000
52.00323089	-2.17270973	0.00000000
52.08174440	-2.17662146	0.00000000
52.16025276	-2.18053210	0.00000000
52.23875580	-2.18444162	0.00000000
52.31725330	-2.18834995	0.00000000
52.39574507	-2.19225704	0.00000000
52.47423094	-2.19616283	0.00000000
52.55271068	-2.19990303	0.00000000
52.63118413	-2.20363336	0.00000000
52.70965108	-2.20736225	0.00000000
52.78811133	-2.21108965	0.00000000
52.86656470	-2.21481551	0.00000000
52.94501098	-2.21853975	0.00000000
53.02345000	-2.22226228	0.00000000
53.10188154	-2.22598308	0.00000000
53.18030543	-2.22970210	0.00000000
53.25872146	-2.23328111	0.00000000
53.33712944	-2.23682515	0.00000000
53.41552918	-2.24036724	0.00000000
53.49392048	-2.24390736	0.00000000
53.57230316	-2.24744546	0.00000000
53.65067701	-2.25098148	0.00000000
53.72904184	-2.25451537	0.00000000
53.80739746	-2.25804704	0.00000000
53.88574368	-2.26157643	0.00000000
53.96408030	-2.26502408	0.00000000
54.04240714	-2.26842970	0.00000000
54.12072398	-2.27183294	0.00000000
54.19903065	-2.27523373	0.00000000
54.27732695	-2.27863197	0.00000000
54.35561269	-2.28202767	0.00000000
54.43388766	-2.28542078	0.00000000
54.51215169	-2.28881122	0.00000000
54.59040457	-2.29219896	0.00000000
54.66864611	-2.29548933	0.00000000
54.74687612	-2.29869783	0.00000000
54.82509441	-2.30190353	0.00000000
54.90330078	-2.30510636	0.00000000
54.98149504	-2.30830628	0.00000000
55.05967700	-2.31150313	0.00000000
55.13784646	-2.31469695	0.00000000
55.21600323	-2.31788769	0.00000000
55.29414712	-2.32107528	0.00000000
55.37227793	-2.32415921	0.00000000
55.45039547	-2.32710837	0.00000000
55.52849955	-2.33005431	0.00000000
55.60658998	-2.33299701	0.00000000
55.68466656	-2.33593640	0.00000000
55.76272909	-2.33887245	0.00000000
55.84077740	-2.34180500	0.00000000
55.91881128	-2.34473406	0.00000000
55.99683054	-2.34765961	0.00000000
56.07483499	-2.35050430	0.00000000
56.15282443	-2.35319473	0.00000000
56.23079868	-2.35588151	0.00000000
56.30875754	-2.35856465	0.00000000
56.38670082	-2.36124413	0.00000000
56.46462832	-2.36391991	0.00000000
56.54253985	-2.36659192	0.00000000
56.62043523	-2.36926002	0.00000000
56.69831426	-2.37192423	0.00000000
56.77617674	-2.37451443	0.00000000
56.85402248	-2.37688958	0.00000000
56.93185130	-2.37926087	0.00000000
57.00966299	-2.38162815	0.00000000
57.08745738	-2.38399142	0.00000000
57.16523425	-2.38635070	0.00000000
57.24299344	-2.38870591	0.00000000
57.32073473	-2.39105702	0.00000000
57.39845794	-2.39340387	0.00000000
57.47616287	-2.39570154	0.00000000
57.55384934	-2.39775391	0.00000000
57.63151716	-2.39980215	0.00000000
57.70916612	-2.40184621	0.00000000
57.78679605	-2.40388593	0.00000000
57.86440674	-2.40592134	0.00000000
57.94199801	-2.40795244	0.00000000
58.01956966	-2.40997918	0.00000000
58.09712151	-2.41200151	0.00000000
58.17465335	-2.41398985	0.00000000
58.25216501	-2.41561458	0.00000000
58.32965629	-2.41723501	0.00000000
58.40712699	-2.41885110	0.00000000
58.48457692	-2.42046280	0.00000000
58.56200591	-2.42206993	0.00000000
58.63941374	-2.42367257	0.00000000
58.71680023	-2.42527068	0.00000000
58.79416520	-2.42686423	0.00000000
58.87150845	-2.42845318	0.00000000
58.94882978	-2.42965311	0.00000000
59.02612901	-2.43084268	0.00000000
59.10340595	-2.43202777	0.00000000
59.18066041	-2.43320837	0.00000000
59.25789219	-2.43438442	0.00000000
59.33510110	-2.43555574	0.00000000
59.41228696	-2.43672240	0.00000000
59.48944957	-2.43788439	0.00000000
59.56658874	-2.43904169	0.00000000
59.64370428	-2.43979837	0.00000000
59.72079601	-2.44050215	0.00000000
59.79786373	-2.44120139	0.00000000
59.87490724	-2.44189609	0.00000000
59.95192637	-2.44258622	0.00000000
60.02892092	-2.44327174	0.00000000
60.10589069	-2.44395247	0.00000000
60.18283551	-2.44462848	0.00000000
60.25975518	-2.44529977	0.00000000
60.33664950	-2.44562353	0.00000000
60.41351830	-2.44585426	0.00000000
60.49036138	-2.44608037	0.00000000
60.56717854	-2.44630189	0.00000000
60.64396961	-2.44651885	0.00000000
60.72073439	-2.44673121	0.00000000
60.79747268	-2.44693894	0.00000000
60.87418432	-2.44714192	0.00000000
60.95086909	-2.44734011	0.00000000
61.02752681	-2.44720180	0.00000000
61.10415730	-2.44690006	0.00000000
61.18076036	-2.44659392	0.00000000
61.25733581	-2.44628330	0.00000000
61.33388346	-2.44596811	0.00000000
61.41040311	-2.44564844	0.00000000
61.48689457	-2.44532425	0.00000000
61.56335767	-2.44499553	0.00000000
61.63979221	-2.44466223	0.00000000
61.71619800	-2.44403186	0.00000000
61.79257485	-2.44315594	0.00000000
61.86892257	-2.44227583	0.00000000
61.94524098	-2.44139150	0.00000000
62.02152989	-2.44050292	0.00000000
62.09778911	-2.43960995	0.00000000
62.17401844	-2.43871262	0.00000000
62.25021771	-2.43781097	0.00000000
62.32638672	-2.43690498	0.00000000
62.40252528	-2.43578256	0.00000000
62.47863322	-2.43433396	0.00000000
62.55471033	-2.43288130	0.00000000
62.63075643	-2.43142468	0.00000000
62.70677134	-2.42996408	0.00000000
62.78275487	-2.42849949	0.00000000
62.85870682	-2.42703087	0.00000000
62.93462701	-2.42555808	0.00000000
63.01051526	-2.42408118	0.00000000
63.08637137	-2.42251733	0.00000000
63.16219516	-2.42067266	0.00000000
63.23798644	-2.41882421	0.00000000
63.31374503	-2.41697193	0.00000000
63.38947073	-2.41511569	0.00000000
63.46516336	-2.41325561	0.00000000
63.54082273	-2.41139168	0.00000000
63.61644866	-2.40952388	0.00000000
63.69204096	-2.40765219	0.00000000
63.76759945	-2.40575963	0.00000000
63.84312392	-2.40341770	0.00000000
63.91861421	-2.40107228	0.00000000
63.99407012	-2.39872337	0.00000000
64.06949147	-2.39637095	0.00000000
64.14487806	-2.39401500	0.00000000
64.22022972	-2.39165542	0.00000000
64.29554626	-2.38929221	0.00000000
64.37082749	-2.38692544	0.00000000
64.44607323	-2.38455508	0.00000000
64.52128328	-2.38184651	0.00000000
64.59645748	-2.37905866	0.00000000
64.67159561	-2.37626753	0.00000000
64.74669752	-2.37347312	0.00000000
64.82176300	-2.37067549	0.00000000
64.89679187	-2.36787464	0.00000000
64.97178395	-2.36507056	0.00000000
65.04673905	-2.36226323	0.00000000
65.12165699	-2.35945257	0.00000000
65.19653757	-2.35650183	0.00000000
65.27138063	-2.35344588	0.00000000
65.34618597	-2.35038690	0.00000000
65.42095340	-2.34732488	0.00000000
65.49568275	-2.34425981	0.00000000
65.57037382	-2.34119168	0.00000000
65.64502644	-2.33812035	0.00000000
65.71964041	-2.33504594	0.00000000
65.79421556	-2.33196846	0.00000000
65.86875170	-2.32878667	0.00000000
65.94324865	-2.32536353	0.00000000
66.01770622	-2.32193768	0.00000000
66.09212423	-2.31850902	0.00000000
66.16650249	-2.31507757	0.00000000
66.24084082	-2.31164339	0.00000000
66.31513904	-2.30820647	0.00000000
66.38939696	-2.30476680	0.00000000
66.46361441	-2.30132439	0.00000000
66.53779119	-2.29787922	0.00000000
66.61192712	-2.29425702	0.00000000
66.68602203	-2.29063063	0.00000000
66.76007572	-2.28700168	0.00000000
66.83408802	-2.28337016	0.00000000
66.90805874	-2.27973608	0.00000000
66.98198770	-2.27609942	0.00000000
67.05587472	-2.27246018	0.00000000
67.12971961	-2.26881827	0.00000000
67.20352219	-2.26517373	0.00000000
67.27728228	-2.26134499	0.00000000
67.35099970	-2.25741441	0.00000000
67.42467426	-2.25348158	0.00000000
67.49830579	-2.24954651	0.00000000
67.57189410	-2.24560920	0.00000000
67.64543901	-2.24166959	0.00000000
67.71894034	-2.23772764	0.00000000
67.79239790	-2.23378344	0.00000000
67.86581152	-2.22983700	0.00000000
67.93918101	-2.22585582	0.00000000
68.01250619	-2.22178433	0.00000000
68.08578689	-2.21771075	0.00000000
68.15902292	-2.21363507	0.00000000
68.23221409	-2.20955721	0.00000000
68.30536024	-2.20547721	0.00000000
68.37846117	-2.20139512	0.00000000
68.45151671	-2.19731093	0.00000000
68.52452668	-2.19322464	0.00000000
68.59749090	-2.18913627	0.00000000
68.67040918	-2.18494926	0.00000000
68.74328134	-2.18074403	0.00000000
68.81610722	-2.17653682	0.00000000
68.88888662	-2.17232759	0.00000000
68.96161937	-2.16811642	0.00000000
69.03430528	-2.16390333	0.00000000
69.10694419	-2.15968830	0.00000000
69.17953590	-2.15547135	0.00000000
69.25208024	-2.15125247	0.00000000
69.32457703	-2.14696519	0.00000000
69.39702609	-2.14257603	0.00000000
69.46942724	-2.13818512	0.00000000
69.54178031	-2.13379247	0.00000000
69.61408511	-2.12939815	0.00000000
69.68634147	-2.12500215	0.00000000
69.75854920	-2.12060448	0.00000000
69.83070813	-2.11620514	0.00000000
69.90281808	-2.11180415	0.00000000
69.97487888	-2.10740149	0.00000000
70.04689034	-2.10294236	0.00000000
70.11885229	-2.09847592	0.00000000
70.19076454	-2.09400783	0.00000000
70.26262693	-2.08953818	0.00000000
70.33443927	-2.08506699	0.00000000
70.40620139	-2.08059425	0.00000000
70.47791311	-2.07611999	0.00000000
70.54957425	-2.07164419	0.00000000
70.62118463	-2.06716687	0.00000000
70.69274409	-2.06266601	0.00000000
70.76425243	-2.05812606	0.00000000
70.83570949	-2.05358470	0.00000000
70.90711509	-2.04904189	0.00000000
70.97846905	-2.04449762	0.00000000
71.04977120	-2.03995195	0.00000000
71.12102135	-2.03540490	0.00000000
71.19221934	-2.03085646	0.00000000
71.26336499	-2.02630664	0.00000000
71.33445812	-2.02175546	0.00000000
71.40549856	-2.01707627	0.00000000
71.47648613	-2.01236249	0.00000000
71.54742065	-2.00764760	0.00000000
71.61830196	-2.00293163	0.00000000
71.68912987	-1.99821457	0.00000000
71.75990421	-1.99349639	0.00000000
71.83062481	-1.98877712	0.00000000
71.90129148	-1.98405679	0.00000000
71.97190407	-1.97933541	0.00000000
72.04246239	-1.97458627	0.00000000
72.11296626	-1.96971137	0.00000000
72.18341552	-1.96483569	0.00000000
72.25380999	-1.95995925	0.00000000
72.32414949	-1.95508206	0.00000000
72.39443386	-1.95020412	0.00000000
72.46466292	-1.94532545	0.00000000
72.53483649	-1.94044606	0.00000000
72.60495440	-1.93556597	0.00000000
72.67501648	-1.93068516	0.00000000
72.74502256	-1.92574713	0.00000000
72.81497246	-1.92075620	0.00000000
72.88486601	-1.91576479	0.00000000
72.95470303	-1.91077291	0.00000000
73.02448337	-1.90578057	0.00000000
73.09420683	-1.90078778	0.00000000
73.16387326	-1.89579456	0.00000000
73.23348247	-1.89080092	0.00000000
73.30303430	-1.88580686	0.00000000
73.37252857	-1.88081242	0.00000000
73.44196512	-1.87577216	0.00000000
73.51134377	-1.87072205	0.00000000
73.58066435	-1.86567168	0.00000000
73.64992668	-1.86062107	0.00000000
73.71913061	-1.85557022	0.00000000
73.78827595	-1.85051914	0.00000000
73.85736254	-1.84546784	0.00000000
73.92639020	-1.84041631	0.00000000
73.99535877	-1.83536461	0.00000000
74.06426807	-1.83029947	0.00000000
74.13311794	-1.82510270	0.00000000
74.20190820	-1.81990604	0.00000000
74.27063869	-1.81470953	0.00000000
74.33930923	-1.80951317	0.00000000
74.40791965	-1.80431698	0.00000000
74.47646980	-1.79912097	0.00000000
74.54495948	-1.79392517	0.00000000
74.61338855	-1.78872959	0.00000000
74.68175682	-1.78353424	0.00000000
74.75006413	-1.77832056	0.00000000
74.81831032	-1.77306681	0.00000000
74.88649520	-1.76781345	0.00000000
74.95461862	-1.76256050	0.00000000
75.02268040	-1.75730798	0.00000000
75.09068038	-1.75205590	0.00000000
75.15861839	-1.74680429	0.00000000
75.22649427	-1.74155315	0.00000000
75.29430783	-1.73630251	0.00000000
75.36205892	-1.73105239	0.00000000
75.42974737	-1.72573206	0.00000000
75.49737302	-1.72034283	0.00000000
75.56493568	-1.71495443	0.00000000
75.63243521	-1.70956688	0.00000000
75.69987143	-1.70418021	0.00000000
75.76724417	-1.69879444	0.00000000
75.83455327	-1.69340957	0.00000000
75.90179856	-1.68802564	0.00000000
75.96897988	-1.68264266	0.00000000
76.03609705	-1.67726065	0.00000000
76.10314993	-1.67184668	0.00000000
76.17013833	-1.66641611	0.00000000
76.23706209	-1.66098668	0.00000000
76.30392105	-1.65555840	0.00000000
76.37071505	-1.65013129	0.00000000
76.43744391	-1.64470538	0.00000000
76.50410747	-1.63928068	0.00000000
76.57070558	-1.63385722	0.00000000
76.63723805	-1.62843501	0.00000000
76.70370474	-1.62301409	0.00000000
76.77010547	-1.61748706	0.00000000
76.83644008	-1.61192713	0.00000000
76.90270842	-1.60636883	0.00000000
76.96891030	-1.60081218	0.00000000
77.03504557	-1.59525721	0.00000000
77.10111408	-1.58970394	0.00000000
77.16711564	-1.58415240	0.00000000
77.23305011	-1.57860260	0.00000000
77.29891731	-1.57305457	0.00000000
77.36471709	-1.56750833	0.00000000
77.43044928	-1.56196388	0.00000000
77.49611373	-1.55642126	0.00000000
77.56171026	-1.55088051	0.00000000
77.62723871	-1.54534165	0.00000000
77.69269893	-1.53980470	0.00000000
77.75809076	-1.53426969	0.00000000
77.82341402	-1.52873663	0.00000000
77.88866857	-1.52320556	0.00000000
77.95385423	-1.51767650	0.00000000
78.01897085	-1.51214947	0.00000000
78.08401827	-1.50657863	0.00000000
78.14899632	-1.50100208	0.00000000
78.21390485	-1.49542776	0.00000000
78.27874370	-1.48985568	0.00000000
78.34351270	-1.48428588	0.00000000
78.40821169	-1.47871838	0.00000000
78.47284052	-1.47315321	0.00000000
78.53739903	-1.46759039	0.00000000
78.60188705	-1.46202994	0.00000000
78.66630443	-1.45647190	0.00000000
78.73065101	-1.45088173	0.00000000
78.79492663	-1.44528772	0.00000000
78.85913112	-1.43969628	0.00000000
78.92326434	-1.43410744	0.00000000
78.98732613	-1.42852123	0.00000000
79.05131631	-1.42293768	0.00000000
79.11523475	-1.41735680	0.00000000
79.17908127	-1.41177864	0.00000000
79.24285573	-1.40620321	0.00000000
79.30655795	-1.40063054	0.00000000
79.37018780	-1.39502442	0.00000000
79.43374510	-1.38941148	0.00000000
79.49722971	-1.38380149	0.00000000
79.56064146	-1.37819448	0.00000000
79.62398021	-1.37259049	0.00000000
79.68724578	-1.36698953	0.00000000
79.75043803	-1.36139163	0.00000000
79.81355680	-1.35579683	0.00000000
79.87660194	-1.35020515	0.00000000
79.93957328	-1.34461663	0.00000000
80.00247068	-1.33905532	0.00000000
80.06529398	-1.33350782	0.00000000
80.12804301	-1.32796348	0.00000000
80.19071764	-1.32242233	0.00000000
80.25331770	-1.31688438	0.00000000
80.31584304	-1.31134968	0.00000000
80.37829350	-1.30581826	0.00000000
80.44066893	-1.30029014	0.00000000
80.50296917	-1.29476535	0.00000000
80.56519408	-1.28924392	0.00000000
80.62734349	-1.28370422	0.00000000
80.68941726	-1.27815087	0.00000000
80.75141524	-1.27260107	0.00000000
80.81333725	-1.26705484	0.00000000
80.87518317	-1.26151219	0.00000000
80.93695282	-1.25597318	0.00000000
80.99864607	-1.25043785	0.00000000
81.06026275	-1.24490621	0.00000000
81.12180272	-1.23937831	0.00000000
81.18326582	-1.23385416	0.00000000
81.24465191	-1.22834649	0.00000000
81.30596082	-1.22286350	0.00000000
81.36719241	-1.21738429	0.00000000
81.42834653	-1.21190888	0.00000000
81.48942302	-1.20643731	0.00000000
81.55042174	-1.20096960	0.00000000
81.61134254	-1.19550579	0.00000000
81.67218526	-1.19004591	0.00000000
81.73294975	-1.18458998	0.00000000
81.79363586	-1.17913806	0.00000000
81.85424345	-1.17369022	0.00000000
81.91477237	-1.16824681	0.00000000
81.97522246	-1.16280749	0.00000000
82.03559357	-1.15737229	0.00000000
82.09588556	-1.15194124	0.00000000
82.15609828	-1.14651438	0.00000000
82.21623158	-1.14109173	0.00000000
82.27628530	-1.13567330	0.00000000
82.33625931	-1.13025916	0.00000000
82.39615345	-1.12484933	0.00000000
82.45596758	-1.11944385	0.00000000
82.51570154	-1.11407157	0.00000000
82.57535520	-1.10870710	0.00000000
82.63492840	-1.10334700	0.00000000
82.69442099	-1.09799130	0.00000000
82.75383284	-1.09264003	0.00000000
82.81316378	-1.08729322	0.00000000
82.87241369	-1.08195091	0.00000000
82.93158240	-1.07661313	0.00000000
82.99066977	-1.07127992	0.00000000
83.04967566	-1.06595131	0.00000000
83.10859993	-1.06064901	0.00000000
83.16744242	-1.05536648	0.00000000
83.22620299	-1.05008855	0.00000000
83.28488149	-1.04481521	0.00000000
83.34347779	-1.03954653	0.00000000
83.40199173	-1.03428256	0.00000000
83.46042318	-1.02902332	0.00000000
83.51877198	-1.02376886	0.00000000
83.57703799	-1.01851920	0.00000000
83.63522108	-1.01327439	0.00000000
83.69332109	-1.00804307	0.00000000
83.75133788	-1.00284401	0.00000000
83.80927131	-0.99764978	0.00000000
83.86712123	-0.99246044	0.00000000
83.92488751	-0.98727601	0.00000000
83.98256999	-0.98209653	0.00000000
84.04016855	-0.97692203	0.00000000
84.09768303	-0.97175250	0.00000000
84.15511329	-0.96658803	0.00000000
84.21245920	-0.96142864	0.00000000
84.26972060	-0.95627438	0.00000000
84.32689736	-0.95115078	0.00000000
84.38398934	-0.94603694	0.00000000
84.44099640	-0.94092825	0.00000000
84.49791839	-0.93582473	0.00000000
84.55475517	-0.93072644	0.00000000
84.61150661	-0.92563339	0.00000000
84.66817257	-0.92054564	0.00000000
84.72475289	-0.91546321	0.00000000
84.78124746	-0.91038612	0.00000000
84.83765611	-0.90531440	0.00000000
84.89397873	-0.90026031	0.00000000
84.95021515	-0.89522890	0.00000000
85.00636526	-0.89020291	0.00000000
85.06242891	-0.88518238	0.00000000
85.11840595	-0.88016734	0.00000000
85.17429626	-0.87515783	0.00000000
85.23009969	-0.87015389	0.00000000
85.28581611	-0.86515555	0.00000000
85.34144538	-0.86016285	0.00000000
85.39698735	-0.85517581	0.00000000
85.45244191	-0.85019446	0.00000000
85.50780889	-0.84525051	0.00000000
85.56308818	-0.84031412	0.00000000
85.61827964	-0.83538345	0.00000000
85.67338312	-0.83045855	0.00000000
85.72839849	-0.82553944	0.00000000
85.78332562	-0.82062617	0.00000000
85.83816436	-0.81571878	0.00000000
85.89291460	-0.81081729	0.00000000
85.94757618	-0.80592176	0.00000000
86.00214897	-0.80103217	0.00000000
86.05663285	-0.79617492	0.00000000
86.11102767	-0.79135849	0.00000000
86.16533330	-0.78654797	0.00000000
86.21954960	-0.78174339	0.00000000
86.27367645	-0.77694479	0.00000000
86.32771371	-0.77215221	0.00000000
86.38166124	-0.76736569	0.00000000
86.43551891	-0.76258526	0.00000000
86.48928660	-0.75781096	0.00000000
86.54296416	-0.75304279	0.00000000
86.59655146	-0.74828084	0.00000000
86.65004838	-0.74354903	0.00000000
86.70345477	-0.73882675	0.00000000
86.75677051	-0.73411072	0.00000000
86.80999547	-0.72940096	0.00000000
86.86312951	-0.72469751	0.00000000
86.91617250	-0.72000043	0.00000000
86.96912432	-0.71530973	0.00000000
87.02198482	-0.71062542	0.00000000
87.07475389	-0.70594758	0.00000000
87.12743139	-0.70127627	0.00000000
87.18001719	-0.69662958	0.00000000
87.23251115	-0.69203401	0.00000000
87.28491316	-0.68744484	0.00000000
87.33722308	-0.68286214	0.00000000
87.38944078	-0.67828592	0.00000000
87.44156614	-0.67371622	0.00000000
87.49359901	-0.66915306	0.00000000
87.54553929	-0.66459652	0.00000000
87.59738683	-0.66004664	0.00000000
87.64914151	-0.65550344	0.00000000
87.70080320	-0.65096698	0.00000000
87.75237178	-0.64647446	0.00000000
87.80384711	-0.64200818	0.00000000
87.85522907	-0.63754854	0.00000000
87.90651754	-0.63309555	0.00000000
87.95771238	-0.62864929	0.00000000
88.00881347	-0.62420980	0.00000000
88.05982068	-0.61977713	0.00000000
88.11073389	-0.61535130	0.00000000
88.16155297	-0.61093238	0.00000000
88.21227780	-0.60652038	0.00000000
88.26290825	-0.60211535	0.00000000
88.31344419	-0.59774588	0.00000000
88.36388551	-0.59338383	0.00000000
88.41423207	-0.58902876	0.00000000
88.46448375	-0.58468072	0.00000000
88.51464043	-0.58033976	0.00000000
88.56470198	-0.57600591	0.00000000
88.61466829	-0.57167921	0.00000000
88.66453922	-0.56735968	0.00000000
88.71431466	-0.56304738	0.00000000
88.76399447	-0.55874235	0.00000000
88.81357854	-0.55446604	0.00000000
88.86306675	-0.55025498	0.00000000
88.91245898	-0.54605102	0.00000000
88.96175509	-0.54185419	0.00000000
89.01095497	-0.53766453	0.00000000
89.06005850	-0.53348206	0.00000000
89.10906556	-0.52930686	0.00000000
89.15797603	-0.52513896	0.00000000
89.20678977	-0.52097840	0.00000000
89.25550669	-0.51682523	0.00000000
89.30412664	-0.51267949	0.00000000
89.35264952	-0.50855753	0.00000000
89.40107521	-0.50445776	0.00000000
89.44940358	-0.50036542	0.00000000
89.49763451	-0.49628055	0.00000000
89.54576789	-0.49220320	0.00000000
89.59380360	-0.48813341	0.00000000
89.64174152	-0.48407121	0.00000000
89.68958152	-0.48001665	0.00000000
89.73732350	-0.47596975	0.00000000
89.78496733	-0.47193058	0.00000000
89.83251290	-0.46789917	0.00000000
89.87996009	-0.46395087	0.00000000
89.92730878	-0.46003807	0.00000000
89.97455885	-0.45613273	0.00000000
90.02171019	-0.45223489	0.00000000
90.06876268	-0.44834459	0.00000000
90.11571621	-0.44446188	0.00000000
90.16257066	-0.44058681	0.00000000
90.20932591	-0.43671942	0.00000000
90.25598185	-0.43285975	0.00000000
90.30253837	-0.42900784	0.00000000
90.34899534	-0.42516372	0.00000000
90.39535265	-0.42140622	0.00000000
90.44161019	-0.41766467	0.00000000
90.48776785	-0.41393068	0.00000000
90.53382551	-0.41020429	0.00000000
90.57978305	-0.40648554	0.00000000
90.62564037	-0.40277446	0.00000000
90.67139735	-0.39907111	0.00000000
90.71705387	-0.39537553	0.00000000
90.76260983	-0.39168777	0.00000000
90.80806511	-0.38800786	0.00000000
90.85341960	-0.38433690	0.00000000
90.89867319	-0.38072019	0.00000000
90.94382576	-0.37711125	0.00000000
90.98887721	-0.37351012	0.00000000
91.03382742	-0.36991686	0.00000000
91.07867628	-0.36633150	0.00000000
91.12342368	-0.36275408	0.00000000
91.16806951	-0.35918465	0.00000000
91.21261367	-0.35562324	0.00000000
91.25705603	-0.35206991	0.00000000
91.30139649	-0.34852470	0.00000000
91.34563495	-0.34499545	0.00000000
91.38977128	-0.34154162	0.00000000
91.43380539	-0.33809568	0.00000000
91.47773717	-0.33465769	0.00000000
91.52156650	-0.33122769	0.00000000
91.56529327	-0.32780571	0.00000000
91.60891739	-0.32439180	0.00000000
91.65243873	-0.32098600	0.00000000
91.69585720	-0.31758837	0.00000000
91.73917269	-0.31419893	0.00000000
91.78238508	-0.31081774	0.00000000
91.82549428	-0.30745877	0.00000000
91.86850018	-0.30419179	0.00000000
91.91140266	-0.30093272	0.00000000
91.95420163	-0.29768159	0.00000000
91.99689698	-0.29443846	0.00000000
92.03948861	-0.29120336	0.00000000
92.08197639	-0.28797633	0.00000000
92.12436025	-0.28475742	0.00000000
92.16664006	-0.28154669	0.00000000
92.20881572	-0.27834416	0.00000000
92.25088714	-0.27514988	0.00000000
92.29285420	-0.27197697	0.00000000
92.33471680	-0.26889355	0.00000000
92.37647484	-0.26581805	0.00000000
92.41812822	-0.26275051	0.00000000
92.45967683	-0.25969096	0.00000000
92.50112057	-0.25663945	0.00000000
92.54245934	-0.25359601	0.00000000
92.58369303	-0.25056071	0.00000000
92.62482155	-0.24753358	0.00000000
92.66584479	-0.24451466	0.00000000
92.70676265	-0.24150399	0.00000000
92.74757503	-0.23851022	0.00000000
92.78828183	-0.23560994	0.00000000
92.82888295	-0.23271756	0.00000000
92.86937828	-0.22983313	0.00000000
92.90976774	-0.22695667	0.00000000
92.95005121	-0.22408824	0.00000000
92.99022860	-0.22122787	0.00000000
93.03029981	-0.21837564	0.00000000
93.07026474	-0.21553155	0.00000000
93.11012330	-0.21269566	0.00000000
93.14987538	-0.20986801	0.00000000
93.18952088	-0.20704863	0.00000000
93.22905971	-0.20430210	0.00000000
93.26849177	-0.20156386	0.00000000
93.30781696	-0.19883369	0.00000000
93.34703519	-0.19611161	0.00000000
93.38614636	-0.19339768	0.00000000
93.42515037	-0.19069197	0.00000000
93.46404712	-0.18799449	0.00000000
93.50283652	-0.18530528	0.00000000
93.54151848	-0.18262438	0.00000000
93.58009290	-0.17995185	0.00000000
93.61855968	-0.17728777	0.00000000
93.65691872	-0.17474215	0.00000000
93.69516994	-0.17222276	0.00000000
93.73331324	-0.16971117	0.00000000
93.77134852	-0.16720745	0.00000000
93.80927569	-0.16471165	0.00000000
93.84709466	-0.16222379	0.00000000
93.88480534	-0.15974389	0.00000000
93.92240762	-0.15727202	0.00000000
93.95990142	-0.15480825	0.00000000
93.99728664	-0.15235259	0.00000000
94.03456320	-0.14990508	0.00000000
94.07173100	-0.14752207	0.00000000
94.10878995	-0.14517392	0.00000000
94.14573995	-0.14283360	0.00000000
94.18258092	-0.14050111	0.00000000
94.21931276	-0.13817649	0.00000000
94.25593539	-0.13585977	0.00000000
94.29244871	-0.13355104	0.00000000
94.32885264	-0.13125034	0.00000000
94.36514708	-0.12895767	0.00000000
94.40133194	-0.12667308	0.00000000
94.43740714	-0.12439660	0.00000000
94.47337258	-0.12217109	0.00000000
94.50922818	-0.12000653	0.00000000
94.54497385	-0.11784963	0.00000000
94.58060949	-0.11570043	0.00000000
94.61613503	-0.11355901	0.00000000
94.65155037	-0.11142541	0.00000000
94.68685543	-0.10929965	0.00000000
94.72205012	-0.10718175	0.00000000
94.75713435	-0.10507175	0.00000000
94.79210804	-0.10296980	0.00000000
94.82697109	-0.10087584	0.00000000
94.86172343	-0.09881036	0.00000000
94.89636497	-0.09684599	0.00000000
94.93089562	-0.09488907	0.00000000
94.96531529	-0.09293961	0.00000000
94.99962391	-0.09099762	0.00000000
95.03382138	-0.08906315	0.00000000
95.06790762	-0.08713627	0.00000000
95.10188256	-0.08521705	0.00000000
95.13574610	-0.08330546	0.00000000
95.16949815	-0.08140156	0.00000000
95.20313865	-0.07950537	0.00000000
95.23666750	-0.07761704	0.00000000
95.27008462	-0.07583123	0.00000000
95.30338993	-0.07406656	0.00000000
95.33658334	-0.07230905	0.00000000
95.36966479	-0.07055882	0.00000000
95.40263417	-0.06881584	0.00000000
95.43549141	-0.06708015	0.00000000
95.46823644	-0.06535177	0.00000000
95.50086916	-0.06363082	0.00000000
95.53338951	-0.06191731	0.00000000
95.56579739	-0.06021124	0.00000000
95.59809273	-0.05851265	0.00000000
95.63027545	-0.05686439	0.00000000
95.66234546	-0.05526263	0.00000000
95.69430270	-0.05366790	0.00000000
95.72614708	-0.05208023	0.00000000
95.75787852	-0.05049970	0.00000000
95.78949695	-0.04892641	0.00000000
95.82100228	-0.04736030	0.00000000
95.85239444	-0.04580142	0.00000000
95.88367335	-0.04424982	0.00000000
95.91483893	-0.04270564	0.00000000
95.94589111	-0.04116881	0.00000000
95.97682981	-0.03965855	0.00000000
96.00765495	-0.03827175	0.00000000
96.03836646	-0.03689153	0.00000000
96.06896426	-0.03551783	0.00000000
96.09944828	-0.03415067	0.00000000
96.12981843	-0.03279010	0.00000000
96.16007466	-0.03143629	0.00000000
96.19021687	-0.03008914	0.00000000
96.22024500	-0.02874870	0.00000000
96.25015897	-0.02741500	0.00000000
96.27995871	-0.02608823	0.00000000
96.30964414	-0.02476827	0.00000000
96.33921520	-0.02352004	0.00000000
96.36867180	-0.02230416	0.00000000
96.39801388	-0.02109463	0.00000000
96.42724136	-0.01989139	0.00000000
96.45635417	-0.01869446	0.00000000
96.48535224	-0.01750389	0.00000000
96.51423550	-0.01631983	0.00000000
96.54300387	-0.01514221	0.00000000
96.57165729	-0.01397105	0.00000000
96.60019568	-0.01280642	0.00000000
96.62861898	-0.01164846	0.00000000
96.65692711	-0.01052407	0.00000000
96.68512000	-0.00948400	0.00000000
96.71319759	-0.00844978	0.00000000
96.74115980	-0.00742150	0.00000000
96.76900657	-0.00639909	0.00000000
96.79673782	-0.00538260	0.00000000
96.82435349	-0.00437213	0.00000000
96.85185351	-0.00336773	0.00000000
96.87923782	-0.00236935	0.00000000
96.90650634	-0.00137704	0.00000000
96.93365900	-0.00039093	0.00000000
96.96069575	0.00058898	0.00000000
96.98761650	0.00147903	0.00000000
97.01442121	0.00233690	0.00000000
97.04110980	0.00318936	0.00000000
97.06768220	0.00403645	0.00000000
97.09413834	0.00487817	0.00000000
97.12047818	0.00571448	0.00000000
97.14670163	0.00654519	0.00000000
97.17280863	0.00737041	0.00000000
97.19879913	0.00819012	0.00000000
97.22467305	0.00900423	0.00000000
97.25043033	0.00981262	0.00000000
97.27607091	0.01059990	0.00000000
97.30159472	0.01133185	0.00000000
97.32700170	0.01205862	0.00000000
97.35229179	0.01278016	0.00000000
97.37746493	0.01349653	0.00000000
97.40252105	0.01420769	0.00000000
97.42746010	0.01491346	0.00000000
97.45228200	0.01561392	0.00000000
97.47698670	0.01630905	0.00000000
97.50157415	0.01699882	0.00000000
97.52604426	0.01768303	0.00000000
97.55039700	0.01836181	0.00000000
97.57463229	0.01895007	0.00000000
97.59875008	0.01949236	0.00000000
97.62275031	0.02003024	0.00000000
97.64663291	0.02056378	0.00000000
97.67039783	0.02109294	0.00000000
97.69404502	0.02161756	0.00000000
97.71757440	0.02213769	0.00000000
97.74098593	0.02265334	0.00000000
97.76427955	0.02316445	0.00000000
97.78745519	0.02367085	0.00000000
97.81051281	0.02417266	0.00000000
97.83345234	0.02466238	0.00000000
97.85627372	0.02506254	0.00000000
97.87897691	0.02545889	0.00000000
97.90156184	0.02585146	0.00000000
97.92402847	0.02624024	0.00000000
97.94637672	0.02662502	0.00000000
97.96860656	0.02700591	0.00000000
97.99071792	0.02738290	0.00000000
98.01271075	0.02775591	0.00000000
98.03458499	0.02812481	0.00000000
98.05634059	0.02848971	0.00000000
98.07797750	0.02885058	0.00000000
98.09949567	0.02916604	0.00000000
98.12089503	0.02943092	0.00000000
98.14217554	0.02969263	0.00000000
98.16333715	0.02995113	0.00000000
98.18437980	0.03020624	0.00000000
98.20530344	0.03045810	0.00000000
98.22610803	0.03070667	0.00000000
98.24679349	0.03095179	0.00000000
98.26735980	0.03119349	0.00000000
98.28780689	0.03143180	0.00000000
98.30813472	0.03166668	0.00000000
98.32834323	0.03189792	0.00000000
98.34843237	0.03205148	0.00000000
98.36840211	0.03218583	0.00000000
98.38825238	0.03231760	0.00000000
98.40798313	0.03244681	0.00000000
98.42759433	0.03257347	0.00000000
98.44708591	0.03269756	0.00000000
98.46645784	0.03281888	0.00000000
98.48571006	0.03293757	0.00000000
98.50484253	0.03305361	0.00000000
98.52385520	0.03316685	0.00000000
98.54274801	0.03327728	0.00000000
98.56152094	0.03337352	0.00000000
98.58017392	0.03340337	0.00000000
98.59870692	0.03343121	0.00000000
98.61711989	0.03345717	0.00000000
98.63541277	0.03348122	0.00000000
98.65358554	0.03350321	0.00000000
98.67163814	0.03352317	0.00000000
98.68957052	0.03354113	0.00000000
98.70738265	0.03355702	0.00000000
98.72507447	0.03357070	0.00000000
98.74264595	0.03358229	0.00000000
98.76009705	0.03359177	0.00000000
98.77742771	0.03355852	0.00000000
98.79463790	0.03347594	0.00000000
98.81172757	0.03339238	0.00000000
98.82869668	0.03330775	0.00000000
98.84554519	0.03322197	0.00000000
98.86227307	0.03313512	0.00000000
98.87888025	0.03304718	0.00000000
98.89536671	0.03295794	0.00000000
98.91173241	0.03286754	0.00000000
98.92797730	0.03277596	0.00000000
98.94410135	0.03268307	0.00000000
98.96010451	0.03258886	0.00000000
98.97598675	0.03244151	0.00000000
98.99174802	0.03227503	0.00000000
99.00738829	0.03210816	0.00000000
99.02290751	0.03194102	0.00000000
99.03830566	0.03177356	0.00000000
99.05358268	0.03160565	0.00000000
99.06873856	0.03143734	0.00000000
99.08377323	0.03126864	0.00000000
99.09868668	0.03109947	0.00000000
99.11347886	0.03092974	0.00000000
99.12814974	0.03075954	0.00000000
99.14269928	0.03058863	0.00000000
99.15712744	0.03034461	0.00000000
99.17143418	0.03010126	0.00000000
99.18561949	0.02985854	0.00000000
99.19968331	0.02961636	0.00000000
99.21362561	0.02937470	0.00000000
99.22744636	0.02913362	0.00000000
99.24114553	0.02889303	0.00000000
99.25472307	0.02865284	0.00000000
99.26817897	0.02841314	0.00000000
99.28151317	0.02817392	0.00000000
99.29472566	0.02793497	0.00000000
99.30781640	0.02768185	0.00000000
99.32078535	0.02738588	0.00000000
99.33363249	0.02709128	0.00000000
99.34635778	0.02679804	0.00000000
99.35896119	0.02650621	0.00000000
99.37144269	0.02621571	0.00000000
99.38380225	0.02592646	0.00000000
99.39603984	0.02563854	0.00000000
99.40815543	0.02535193	0.00000000
99.42014898	0.02506644	0.00000000
99.43202048	0.02478221	0.00000000
99.44376988	0.02449922	0.00000000
99.45539716	0.02418715	0.00000000
99.46690230	0.02384366	0.00000000
99.47828525	0.02350267	0.00000000
99.48954601	0.02316411	0.00000000
99.50068453	0.02282792	0.00000000
99.51170079	0.02249416	0.00000000
99.52259476	0.02216281	0.00000000
99.53336642	0.02183371	0.00000000
99.54401573	0.02150698	0.00000000
99.55454268	0.02118259	0.00000000
99.56494724	0.02086043	0.00000000
99.57522938	0.02054052	0.00000000
99.58538907	0.02019154	0.00000000
99.59542630	0.01983197	0.00000000
99.60534102	0.01947564	0.00000000
99.61513324	0.01912262	0.00000000
99.62480290	0.01877286	0.00000000
99.63435000	0.01842625	0.00000000
99.64377452	0.01808287	0.00000000
99.65307641	0.01774272	0.00000000
99.66225567	0.01740565	0.00000000
99.67131227	0.01707174	0.00000000
99.68024619	0.01674099	0.00000000
99.68905741	0.01641330	0.00000000
99.69774590	0.01605465	0.00000000
99.70631164	0.01569615	0.00000000
99.71475462	0.01534177	0.00000000
99.72307480	0.01499144	0.00000000
99.73127218	0.01464523	0.00000000
99.73934673	0.01430311	0.00000000
99.74729842	0.01396494	0.00000000
99.75512725	0.01363084	0.00000000
99.76283319	0.01330077	0.00000000
99.77041622	0.01297464	0.00000000
99.77787633	0.01265247	0.00000000
99.78521349	0.01233057	0.00000000
99.79242768	0.01197695	0.00000000
99.79951890	0.01162858	0.00000000
99.80648712	0.01128547	0.00000000
99.81333232	0.01094761	0.00000000
99.82005449	0.01061492	0.00000000
99.82665361	0.01028745	0.00000000
99.83312967	0.00996520	0.00000000
99.83948264	0.00964804	0.00000000
99.84571252	0.00933606	0.00000000
99.85181928	0.00902924	0.00000000
99.85780292	0.00872749	0.00000000
99.86366341	0.00842364	0.00000000
99.86940075	0.00810719	0.00000000
99.87501492	0.00779688	0.00000000
99.88050590	0.00749270	0.00000000
99.88587369	0.00719467	0.00000000
99.89111826	0.00690275	0.00000000
99.89623961	0.00661689	0.00000000
99.90123772	0.00633714	0.00000000
99.90611258	0.00606349	0.00000000
99.91086418	0.00579582	0.00000000
99.91549250	0.00553423	0.00000000
99.91999754	0.00527869	0.00000000
99.92437929	0.00501946	0.00000000
99.92863773	0.00475550	0.00000000
99.93277285	0.00449876	0.00000000
99.93678464	0.00424921	0.00000000
99.94067310	0.00400682	0.00000000
99.94443821	0.00377161	0.00000000
99.94807996	0.00354356	0.00000000
99.95159835	0.00332263	0.00000000
99.95499337	0.00310885	0.00000000
99.95826500	0.00290222	0.00000000
99.96141324	0.00270265	0.00000000
99.96443808	0.00251020	0.00000000
99.96733952	0.00231689	0.00000000
99.97011755	0.00212701	0.00000000
99.97277215	0.00194529	0.00000000
99.97530333	0.00177173	0.00000000
99.97771108	0.00160630	0.00000000
99.97999538	0.00144899	0.00000000
99.98215625	0.00129982	0.00000000
99.98419366	0.00115876	0.00000000
99.98610762	0.00102578	0.00000000
99.98789812	0.00090092	0.00000000
99.98956516	0.00078417	0.00000000
99.99110873	0.00067546	0.00000000
99.99252883	0.00056876	0.00000000
99.99382545	0.00047000	0.00000000
99.99499860	0.00038066	0.00000000
99.99604826	0.00030074	0.00000000
99.99697444	0.00023023	0.00000000
99.99777713	0.00016914	0.00000000
99.99845634	0.00011745	0.00000000
99.99901206	0.00007516	0.00000000
99.99944428	0.00004228	0.00000000
99.99975301	0.00001879	0.00000000
99.99993825	0.00000470	0.00000000
100.00000000	0.00000000	0.00000000
